Mon Oct 25 03:01:59 2021,1,60.80150179466515,108.7014564441987,-1.0237800545144922,39.4664404634663,245.0115701347973,-10.0,2.0374852705327973,1077.4119089542924
Mon Oct 25 03:02:29 2021,1,7.134228047573943,272.58304040496125,6.9081570683126365,18.28481284007195,274.2950076517173,-10.0,1.0187454322283447,389.27907875952735
Mon Oct 25 03:02:55 2021,1,3.274545298739691e-05,104.13483962190689,6.909486720116407,70.4687715266102,128.24141009970637,-5.179659883954216,1.8747272695208193,669.885823626428
Mon Oct 25 03:03:19 2021,1,5.187896917529024,320.92744751054244,-6.000648611458529,66.00073851251383,6.897653535749061e-09,8.000002059052358,1.000035915165832,-237.71708574869035
Mon Oct 25 03:03:51 2021,1,38.33277686479593,259.12497552535274,2.0093605390268965,1.0148817952599094,114.43022184743039,-4.855419806413031,1.007858415574156,426.02556279912443
Mon Oct 25 03:04:19 2021,1,49.041891641584726,334.6464781354001,-4.00804598101575,38.48088402387244,29.57078658569369,5.043530747232111,3.0063953524060523,660.6344583912454
Mon Oct 25 03:04:46 2021,1,60.91535521829789,168.12584436014487,-10.0,35.38991884686676,131.71236176639223,-7.978396441325421,1.9608626574752064,3925.4515488462766
Mon Oct 25 03:05:18 2021,1,63.240378660012,223.1332000657374,-3.058371172221105,89.43136436484606,185.657770865041,7.135429179645653,1.0003877645812302,3594.6756248163856
Mon Oct 25 03:05:46 2021,1,87.58805498288612,243.38610694927294,5.094960097770148,84.45307900436978,100.32976408497284,-3.9460467786151456,1.958789806712459,2121.3441987274846
Mon Oct 25 03:06:12 2021,1,84.41304073532154,35.15266684113454,-5.9670155440422106e-05,36.621665891562216,239.9956185143898,-5.070633828146301,2.022306211207959,1015.0381798437344
Mon Oct 25 03:06:41 2021,1,33.192556263724015,335.1031996535322,10.0,11.059841750234106,293.96962377052967,6.21290978589843,1.0099077346449552,2098.3241450855066
Mon Oct 25 03:07:09 2021,1,88.15234604564552,313.43091593449867,-6.124295739667734,57.826219583268326,121.04375640311228,1.9867902051197892,1.005949420764566,-116.34997127216407
Mon Oct 25 03:07:37 2021,1,72.49999936493072,249.19110202188523,-7.045289087123667,89.20456012030068,90.36694580664943,-2.0035867168214594,1.0,3088.42039802278
Mon Oct 25 03:08:04 2021,1,19.47502621130704,342.0003547252721,1.999999782765289,35.999979558550166,168.00001190409174,3.9999987978088463,2.0000009714400426,254.4928309213697
Mon Oct 25 03:08:36 2021,1,44.64455484224409,218.82838108732437,3.787766941644266,23.770321900012526,93.76123323223118,7.2212593916956855,1.9781727273439467,1843.4337389661891
Mon Oct 25 03:09:06 2021,1,9.029427362507668,113.01940898897656,-9.23082268351332e-05,43.3300525995333,120.66558276469672,-6.169123206739757,1.0,5266.234309721555
Mon Oct 25 03:09:30 2021,1,47.95234720955279,3.054445112186622,-1.0216473099015635,88.49593792350547,137.3681687414453,7.017756042912133,1.0000008423036226,921.0981948853034
Mon Oct 25 03:09:59 2021,1,82.29125055290032,251.70335023204007,-2.9939576570840263,82.06013842098396,23.867315573432577,-10.0,3.020366737492325,510.70004578054625
Mon Oct 25 03:10:29 2021,1,37.19283637695662,206.23180165758578,7.061147565462125,27.14321003714806,110.24292093801742,-7.135889163031967,1.0051745834189463,3610.6110066383817
Mon Oct 25 03:11:01 2021,1,13.180800716491783,359.2817967196043,7.268055869481769e-05,86.09011563150399,233.95054076385227,-8.567941042362962,3.0425399666379445,750.6997000299788
Mon Oct 25 03:11:31 2021,1,17.525278104629493,63.327861876466145,6.120825607101089,89.99169435204838,218.14700051770774,8.847676360977133,1.0,2576.861787995881
Mon Oct 25 03:11:58 2021,1,14.10813747800308,134.7337254114476,-2.9548369762703715,61.9374952809982,74.85877514134097,-5.856620622690582,3.0689149221649377,449.717133666068
Mon Oct 25 03:12:27 2021,1,44.09207242941187,41.48828508692063,3.0158417049159647,68.76803096462413,323.0448810742997,-0.9770580624763291,1.0,5188.339633293658
Mon Oct 25 03:12:56 2021,1,68.92335681692279,194.31666653677638,-8.501180050482224,31.48670265092644,357.78761214811146,-7.815788773469816,1.9914879288027403,1789.3232882793404
Mon Oct 25 03:13:23 2021,1,61.912848812994596,237.35503956684715,7.168887963348605e-05,37.57623906705541,246.53092461474392,6.986078717201165,2.028675551853394,2833.8965877755813
Mon Oct 25 03:13:53 2021,1,41.370207456223255,249.75258918324906,8.9371658536839,85.27835611224785,273.9712637355198,-3.0483163142799716,1.9945437298523574,2701.002047987558
Mon Oct 25 03:14:25 2021,1,45.054357805861365,189.59608548053117,-9.161221572417283,32.92980598332721,148.2898021329744,-7.006439387597853,1.0,4251.053158847733
Mon Oct 25 03:14:54 2021,1,29.16007619801007,117.94289122902953,7.3111517803097,52.19104719545956,264.1491846248315,-2.9771564362816627,2.866248498735768,960.2369875796007
Mon Oct 25 03:15:24 2021,1,20.359393697534188,317.94111930971235,9.168750266785924,85.50812636229549,327.9893590277004,10.0,2.9566834307216427,2147.522451170333
Mon Oct 25 03:15:53 2021,1,6.002695129215862,347.0199853244221,3.1482482743524547,62.98692860406628,247.9777074245224,-4.999802713524483,2.000394682901636,218.4456353941508
Mon Oct 25 03:16:24 2021,1,28.59975432192087,110.40242527479694,-5.163748712504933,43.759351964589385,280.20117274834627,4.7769083853229795,1.0129072084028938,1112.7853566161145
Mon Oct 25 03:16:52 2021,1,73.65092756554576,162.6357801708556,-0.9873999659175634,11.131623474290272,165.5725728886596,0.9799598184895841,2.891024868200369,577.9832893782201
Mon Oct 25 03:17:19 2021,1,29.369619500104086,192.28182086682614,4.05623940879441,67.80810411713013,210.0544442906951,-0.9923162234095828,1.9938466433805773,2890.341547458482
Mon Oct 25 03:17:47 2021,1,7.9932999091144765,193.55587833168784,-1.9826024604052521,77.93699906157715,320.94728670740005,0.9630886666093097,2.054488291756159,654.9210483742498
Mon Oct 25 03:18:17 2021,1,5.935225535045733,223.57003468916517,0.00013840811265308927,47.31721858622849,100.26120198651638,5.117898335856979,1.9557599731626776,843.0716735729849
Mon Oct 25 03:18:49 2021,1,44.5542577046059,180.54209807398195,8.25784802055802,66.04593624303796,24.301774593302333,6.153728320985822,1.0,3336.1095682722093
Mon Oct 25 03:19:17 2021,1,38.15536572648424,346.25289133931244,7.0021866448015375,41.66325235391703,207.4851210299393,8.97546260214924,2.9969030577621214,483.2492201537829
Mon Oct 25 03:19:50 2021,1,60.93336862499148,240.0372084809739,-8.850297456634838,5.145712982662511,105.03940079475483,3.089069267886084,3.0446650212466992,890.4651571386496
Mon Oct 25 03:20:24 2021,1,81.24658939659452,162.20497517778503,3.055051549660294,67.91916728431735,113.8569967868854,3.0580491784412747,2.985972528676771,1771.451521464217
Mon Oct 25 03:20:54 2021,1,69.70621865676716,259.51501866781706,-3.9012573417538605,63.023377536145674,248.79283036829892,-5.195490133787791,1.0069122984470757,3017.9396011248077
Mon Oct 25 03:21:24 2021,1,81.57079197319493,43.20459152914684,-5.884668333624204,25.229272707253273,345.51498066817373,-6.122996178648039,1.006481627908086,3120.21874785581
Mon Oct 25 03:21:50 2021,1,29.22180926646525,293.49325987341666,4.01074344562286,36.27534531476815,172.60148338485573,5.956940234441237,1.00764849928468,1802.2305429242808
Mon Oct 25 03:22:20 2021,1,38.51565596598602,128.00260309848113,-9.11881179899078,34.47940143620015,277.72599788964845,1.9003951702838702,3.0431133855108543,585.4423562727793
Mon Oct 25 03:22:53 2021,1,40.75440916228989,143.43112181751687,-1.0176440076898174,30.467934476530964,276.8650299574904,5.941586020231591,2.0327754017355364,356.1317593728307
Mon Oct 25 03:23:24 2021,1,43.426824855693454,259.8272155046127,-9.191159835418965,60.03260700838749,326.06948452106894,3.0479665461949383,1.9851753577836826,1211.9491857408311
Mon Oct 25 03:23:53 2021,1,2.0001298182952416,207.85231620167107,-8.985652587670355,29.887796595178138,279.3273120249495,4.015251239947385,2.004140005008538,-74.60814968889865
Mon Oct 25 03:24:23 2021,1,17.152453585983572,290.8830340698463,9.25771767406205,66.83855794013604,289.08270234913493,-7.15138674796772,2.88811268102757,667.0133380349808
Mon Oct 25 03:24:51 2021,1,80.55973899649032,150.03856946276738,-8.41247284667902,44.17436595287185,136.17917490974202,-8.209273323603151,2.8127578554994033,806.4566224829589
Mon Oct 25 03:25:14 2021,1,87.35760066679073,336.7948299595995,-1.547072483634509e-05,34.397200752153594,33.525245359379326,8.164112715276282,3.029749148894839,980.0964545418115
Mon Oct 25 03:25:47 2021,1,30.93593184940316,35.58722367367106,-4.923177827120948,7.993943225514559e-05,33.5509061066973,10.0,3.0478667175906433,115.88181264287199
Mon Oct 25 03:26:13 2021,1,63.29338385263492,300.78926301326374,10.0,85.58546870179666,138.3439071843269,8.135049906506602,1.0070202447828862,5092.107035380357
Mon Oct 25 03:26:46 2021,1,56.53410894399241,122.11063320656773,8.854247920125081,76.06646951963675,353.14613658172823,-1.9587450496778094,3.06460976124467,2313.5484763125546
Mon Oct 25 03:27:11 2021,1,84.39294493182717,17.886070248509718,8.0693142942267,22.66534351952231,291.7984295501942,10.0,2.933671405791248,1466.9950175229003
Mon Oct 25 03:27:44 2021,1,29.496035554257354,150.77291308804513,6.0290756367191385,80.78792192817033,200.87190911626362,-0.9904641765293862,2.0177595814827933,343.0019490113448
Mon Oct 25 03:28:03 2021,1,68.14158286129387,5.2100600388878275,5.977544647168648,21.036997906137373,19.145103147773746,3.0134569547154544,2.9926186524853873,969.7297047520592
Mon Oct 25 03:28:31 2021,1,45.995428279148726,185.8475407012923,-8.160208458141367,26.06594911153107,30.885504158092367,-5.9742645027580945,3.0052716641283164,589.9115663937112
Mon Oct 25 03:29:00 2021,1,74.5281708713641,15.063883857719386,4.991306630874497,41.47117242342948,173.9033848273417,-3.9859808660936253,1.9849169017207622,5036.18529704468
Mon Oct 25 03:29:26 2021,1,61.21484473424829,28.039821116548538,-8.030530664210513,22.219764130378742,212.67038809481443,-10.0,1.9849009110883191,2078.285256864588
Mon Oct 25 03:29:52 2021,1,49.49187223481705,246.39096270745995,-1.009829025347532,68.99553502918877,291.51739402924704,5.0498367681834,1.9845768713227776,5843.653753231637
Mon Oct 25 03:30:25 2021,1,17.174710090455406,286.86926265618786,10.0,57.63261770875907,289.2725120794935,-1.008392962399994,3.0173789184236663,447.332388477443
Mon Oct 25 03:30:59 2021,1,15.375965760685089,87.9865700711916,5.999701385741295,43.99140699763021,306.11501820557066,-2.9997986982878118,1.000793119393324,325.96573873842107
Mon Oct 25 03:31:27 2021,1,43.479033842065675,31.655797580887864,9.1855473008813,30.32090850685577,193.96992395558743,3.063057841158364,2.065642739222894,-274.392175540832
Mon Oct 25 03:31:59 2021,1,76.65787551403756,231.80994805149146,-2.9206198740129126,43.96905792883187,208.63754989647225,9.200493548259884,1.966010905067117,3498.7901265859364
Mon Oct 25 03:32:32 2021,1,47.229591556517505,281.47448443883894,6.982146845345431,12.170425746294212,87.28202687887952,9.029629727816399,3.010951424326607,678.0082420626107
Mon Oct 25 03:33:03 2021,1,5.971540335310172,75.29931153002079,-4.992863217464806,68.57537084971679,287.77979819152006,9.39109004894727,3.059721213402441,348.94190736845053
Mon Oct 25 03:33:32 2021,1,24.42641704713115,92.86580297661737,6.893312877404521,69.45625580843131,324.1041327933942,-2.029541754048963,3.028268766448878,281.7824836023793
Mon Oct 25 03:34:00 2021,1,61.750482842818045,320.7281704987772,8.274283979320277,47.56809237654035,205.08270863339885,3.051249170303713,1.0045305267301292,1333.7842299590232
Mon Oct 25 03:34:30 2021,1,31.739182441446786,320.19521582439233,-2.1518613472578587,0.0001825301882827783,116.55153234252302,6.031080239604231,2.77912063252787,1687.4136042434252
Mon Oct 25 03:34:59 2021,1,21.28358260435015,84.06449912452544,5.069659380407413,16.95976159284512,2.0233416728903926,-5.960340190603814,2.9666301477773933,636.965933389571
Mon Oct 25 03:35:29 2021,1,48.28983196509817,206.61914776219714,-4.937038852742346,44.33630103741781,334.3153729481087,4.062635803419543,1.9780504006210706,3370.3293594272563
Mon Oct 25 03:35:58 2021,1,59.15449386210575,347.66774518229005,1.0185930184104965,43.31004293867966,202.11470086797493,1.0151192086938883,2.962466942160745,195.19323020641656
Mon Oct 25 03:36:28 2021,1,21.311264682519855,41.60034103620874,-3.0443202840607118,82.86352517270026,68.71497069230007,-1.9384606970940346,2.0295884257740955,234.75757322468135
Mon Oct 25 03:36:53 2021,1,90.0,86.69474308008557,-6.055073607110009,15.094467902884196,97.08200015525205,-2.8865783552044206,2.0235076183618705,494.455526791779
Mon Oct 25 03:37:27 2021,1,40.31984893529352,268.14651378074296,-2.9371831141756117,69.60385601019615,131.42148110724858,-7.840618805377981,3.1291507310952262,1278.2252848280414
Mon Oct 25 03:37:58 2021,1,6.0001232663205535,115.4056502444806,-8.001143928943382,86.99244480248615,78.03452770513732,8.994972569536461,2.0009129817652798,530.2614867641093
Mon Oct 25 03:38:25 2021,1,45.560157226155766,268.29870366513956,6.074687630154102,8.083256976259891,57.21099021241149,-1.9473032069970846,2.024895876718034,-79.93520371949431
Mon Oct 25 03:38:55 2021,1,38.084487769268684,160.68628136071297,-4.12084060558803,87.36549625996898,264.72186814998446,6.976503789416595,3.0526088776503406,1682.857922927858
Mon Oct 25 03:39:21 2021,1,47.81588064047857,334.5060673947314,8.1536825824318e-05,1.0073014624993357,165.96134964289865,-9.10750789268916,1.013310482214551,964.9209094579329
Mon Oct 25 03:39:48 2021,1,21.110795991169283,226.9758659764056,9.096432388736515,9.7227034023842,129.05483773672188,-7.088492746515487,1.0067891278481313,396.80262222748024
Mon Oct 25 03:40:22 2021,1,10.29778514371279,44.8130709525105,3.1440918479358366,19.705620863388056,169.04854305131073,5.288769492420267,2.6569997539615136,191.4355513335989
Mon Oct 25 03:40:49 2021,1,47.38538629737609,16.28113286130779,-2.0351416076634736,11.097068929612664,197.33001353602663,9.084667846730529,1.0175708038317368,974.6211306311293
Mon Oct 25 03:41:23 2021,1,38.75948408103246,269.9335284069256,-4.992774493472934,85.42475145898646,279.82389564561413,8.029501708791269,2.9939950555131922,1460.0832432383186
Mon Oct 25 03:41:52 2021,1,76.30873866406486,71.05148843499467,-8.099483513879331,28.069450558158486,234.65028985191663,-5.976658045748167,1.9819308403004592,1955.8367924241409
Mon Oct 25 03:42:15 2021,1,50.12032012305522,24.70358101485933,-2.005990420874233,4.013137146767379,256.75452119029194,-8.082995849636147,3.0109981345752432,743.8637114179395
Mon Oct 25 03:42:44 2021,1,31.318850546231413,91.59968126541625,-3.0285547034653915,75.0397230634394,185.50944869486173,-5.010601419849179,1.0221569755333855,2452.3766345427903
Mon Oct 25 03:43:12 2021,1,6.196790557369726,358.2431294761426,5.150481729452032,50.370996830333375,39.77638979293084,-5.982381499227517,1.9570455485392602,537.8562627020698
Mon Oct 25 03:43:42 2021,1,9.00884057758915,211.2622820395745,-1.0036878993429252,52.845427316773254,174.36823730880428,3.0211066643158944,1.0013951428453116,349.20191350930935
Mon Oct 25 03:44:09 2021,1,18.57599224419451,233.33785508159303,5.743606331997507,52.37248898622681,129.86763060816904,2.0282131539074175,1.0089746763663947,230.94729508779574
Mon Oct 25 03:44:35 2021,1,49.058481386187836,31.186604671544075,4.907383717848001,8.049635587919695,233.91042105185565,4.045297547857297,1.006520557746132,503.28905065304565
Mon Oct 25 03:45:04 2021,1,23.671515509096565,27.8210905547149,3.0682769706475312,53.02737566968392,78.57848876536517,-9.041133256541386,2.96810784201167,2400.045368270853
Mon Oct 25 03:45:29 2021,1,70.81541088639966,216.941187607719,1.9835237291725984,35.273669925338794,199.61294715878864,5.438417614189491e-05,3.040888435545856,2214.062949560798
Mon Oct 25 03:45:51 2021,1,86.7238371129063,137.86887030991275,2.1615237645081757e-05,48.8128975823121,334.716173513694,0.00011681715344829253,3.0236885312626818,862.3394412083569
Mon Oct 25 03:53:54 2021,1,65.11183095478927,272.6599444109173,5.765776164693282,87.16583821366947,191.55957976693384,-7.047446217137415e-05,1.015422145534599,1383.3247288884447
Mon Oct 25 03:54:19 2021,1,11.139846198973231,100.24579949861783,8.799157703000125,14.412035503323246,350.8561475480286,-0.0001215973560276685,3.022711666830171,163.3272476224003
Mon Oct 25 03:54:50 2021,1,85.0744484881015,108.00039206061227,-3.9999880474498095,86.10060536420238,189.99967793677877,7.999999292712918,2.0000011894203182,1756.2028880089795
Mon Oct 25 03:55:19 2021,1,44.98223671119236,210.51999915712983,-3.0073345488673904,60.10150496940791,62.71397432814707,-7.203190943015736,2.919395905497504,413.57922196897385
Mon Oct 25 03:55:46 2021,1,87.36665840752177,185.7400165294531,9.134762317966011,15.212269099721736,244.33428672811723,0.9823850693068594,3.046010037939885,-112.3243433389543
Mon Oct 25 03:56:15 2021,1,86.55721997585812,305.52093406918425,7.128430301091374,28.51406731165945,224.21557901769353,-0.9857436696702153,3.054990780308766,536.8625053359135
Mon Oct 25 03:56:46 2021,1,11.204656888135307,229.99839115501604,3.917456181259718,47.89536208439827,105.47288746946006,2.056185929614446,1.0323584598699398,490.21025578629855
Mon Oct 25 03:57:13 2021,1,49.3815551732111,319.82142462663626,-6.02620747933759,41.349361432564265,2.016985522566834,4.036884776990746,2.040530598572518,-138.30548431790075
Mon Oct 25 03:57:45 2021,1,81.98819224465146,355.37381870360366,-10.0,30.9453158759475,20.057428679300838,7.652395297062279,2.973004833649414,1368.2166863699063
Mon Oct 25 03:58:18 2021,1,21.957866788383107,97.71058192463445,8.844744245326421,4.067879607504278,181.7074044704853,2.057917649822063,3.0685497619550395,202.4271899809157
Mon Oct 25 03:58:46 2021,1,37.34328937073943,48.843750963462796,-10.0,30.446725953301396,73.05966315192534,-2.0305966300679383,1.0,-255.82653922787972
Mon Oct 25 03:59:13 2021,1,45.47235519933514,152.55676400549834,4.090718053377449,86.9864759788575,96.44291253114312,-3.0553122116727813,1.0032276021901718,1333.85550939005
Mon Oct 25 03:59:38 2021,1,21.97412954611667,21.219228895430163,1.8968471326190284,6.069750875441278,174.47157750211085,1.0301727277245476,2.9972358771997616,324.0727267460458
Mon Oct 25 04:00:06 2021,1,59.604617831093975,288.57235086960566,6.1396471032225755,34.97531928844756,131.70794704066137,-10.0,1.9157648144612025,1383.9495973830758
Mon Oct 25 04:00:29 2021,1,7.998153408957442,278.21384771367286,1.0007838875844224,6.142097598320397,141.9153995583829,-0.982410377897073,3.068902600418775,-13.467639926655144
Mon Oct 25 04:01:02 2021,1,78.22366054685344,143.8507774831034,5.071721316665744,60.12357043514304,48.07548268156906,-7.970802363950382,3.006796595551635,1656.8868549704173
Mon Oct 25 04:01:30 2021,1,45.68485254955331,126.48660984363659,-1.9713047791444813,44.64458403910062,137.19282634749413,5.079609390381961,1.0150108250840468,2583.510313882672
Mon Oct 25 04:01:59 2021,1,28.904118454290682,11.081870329050258,2.0154143979180685,86.64364374240543,201.6753375771216,-5.036563378530088,2.998535100146531,214.08975016216237
Mon Oct 25 04:02:28 2021,1,59.15766658906057,227.79571064780245,-7.22607875002196,33.42079098609295,109.79132901875097,1.9775011341486999,2.996729557752268,654.960292524364
Mon Oct 25 04:02:59 2021,1,30.094694407464154,171.99655407717023,-7.002220754373178,88.38492332064021,13.003225079208068,3.004762106190873,3.0007442490480156,-242.86775026043037
Mon Oct 25 04:03:30 2021,1,25.368208914571472,337.37970257134646,-4.065711821946884,2.9239125163038855,120.57035359898754,-7.269740045881766,2.9272295981867167,338.7775799310172
Mon Oct 25 04:04:00 2021,1,0.9956789131081885,261.6587582657852,5.0647997923328205,53.08856253124782,113.60773546236683,0.00010947927491664782,2.9223274190553648,-192.61020991347377
Mon Oct 25 04:04:34 2021,1,44.00059579036969,317.0014551700317,-9.000066526823716,57.74915706151378,240.9997398113578,-8.999766910855866,2.0000194098471185,3013.6811047187502
Mon Oct 25 04:05:07 2021,1,18.29710165625812,152.64972372985477,-9.253461065640916,22.635569954755564,344.6074608862002,-8.146540029346593,1.007569458686031,2567.0460450638393
Mon Oct 25 04:05:34 2021,1,36.171143318800354,249.7351132552618,3.018902081701282,40.17202815703571,282.8550875884662,7.005943959954358,3.01328152186103,646.2919067995823
Mon Oct 25 04:06:06 2021,1,45.12529026689347,216.13222664324383,-1.2970857394901787e-06,79.04649848234197,113.02735976047754,-5.000718980264336,3.001838227113649,1156.1415691415768
Mon Oct 25 04:06:33 2021,1,42.679888168816305,213.70230235145436,0.00012781388308628585,87.02272395748821,168.5293674176806,9.002672267938948,2.001125549488397,2473.049392196927
Mon Oct 25 04:07:04 2021,1,50.619946731715025,122.87258105079127,2.042949295623335,70.12408281694275,32.47791135060433,7.285000314639301,1.8845240684465727,-169.1306149934301
Mon Oct 25 04:07:32 2021,1,67.26830787310683,343.23549803276893,-9.04998144922774,35.23709892501003,268.70559447828157,-2.0077280488926745,3.0183379570154556,728.415365336566
Mon Oct 25 04:08:01 2021,1,14.064419647076924,126.19445093546233,8.850526798118253,54.74908140887172,242.47439524904365,2.0124391210265578,1.0219274246255372,1932.9513666292075
Mon Oct 25 04:08:38 2021,1,1.017938699412785,168.54000999055316,-3.04262413625493,57.41453789013835,144.85288296393486,-1.0183492223418054,2.987465996992097,37.68831391286707
Mon Oct 25 04:09:04 2021,1,1.0067783000923218,215.4577062629411,-3.037303101166584,15.404559465101642,360.0,-4.256976692850298e-05,3.111067636991896,81.7803399269501
Mon Oct 25 04:09:31 2021,1,67.41232466302016,192.04794756425193,4.085720961065338,20.43103046821851,134.8114296815063,-0.9000430903855398,2.0427756080140473,1161.1659100157617
Mon Oct 25 04:10:03 2021,1,20.723685450717536,148.24598223635428,-7.147444529542458,85.26693867161168,147.79710863895696,8.208828809404023,2.98610374605202,1563.2363782746272
Mon Oct 25 04:10:39 2021,1,7.402358611618433e-05,110.09732278319117,7.031069174640903,50.817101321169176,262.4754370953442,-4.865560769081271,1.0072381549251288,450.6564248969129
Mon Oct 25 04:11:07 2021,1,81.95513015663306,32.331345487644356,3.98201143417269,82.23566145271693,342.1967207976072,-9.10655303276814,1.011719369296595,1311.3776157123289
Mon Oct 25 04:11:38 2021,1,57.34661863633378,17.650502822433353,-7.210556455621551,55.9802698051311,71.41519268231208,-7.049939298446556,2.9150109873459416,-289.80193763655296
Mon Oct 25 04:12:03 2021,1,48.02180421550232,254.55612796062576,6.052288362734487,10.96136851654294,75.95805579898797,-4.051051931286003,2.964005588430453,847.1440093487605
Mon Oct 25 04:12:28 2021,1,2.0465255226572174,165.48527808952073,-7.929951071638193,15.098655973895045,41.052652653393096,1.0036454195584883,2.9791945501089465,191.47974564981266
Mon Oct 25 04:12:55 2021,1,73.85091722183903,115.57732386966453,8.106746339571416,1.0378638740777226,191.06625037366905,7.8908759967245885,1.9804268022112006,218.44686679438593
Mon Oct 25 04:13:29 2021,1,1.0018023809237295,141.2534314087922,-9.016074740460393,83.02302331545641,254.65991457331785,-5.009081346835995,2.0034235189708127,311.92725059488123
Mon Oct 25 04:13:55 2021,1,22.050014272686646,309.0000237465689,-3.9999985156117996,88.9999831340732,101.99997459743568,1.9999997046935494,2.999999793828361,548.317307495128
Mon Oct 25 04:14:21 2021,1,58.2843261510733,48.767978315756004,6.0785626501617305,36.418791129650245,188.80348484838282,-8.113774363597848,3.0377952830321773,-464.8642769986569
Mon Oct 25 04:14:48 2021,1,75.57086717902843,38.290777586165284,-8.061616097173053,41.192367923777134,333.1047805181543,1.9944948294859244,3.0694863147642715,1966.0376868560552
Mon Oct 25 04:15:20 2021,1,83.50439556765673,256.65194367623303,-3.017801668873658,68.40301934412801,208.078307159266,-7.903404653272831,3.0174412911146797,274.6852283992395
Mon Oct 25 04:15:49 2021,1,37.094815716370874,292.9053469813946,7.086854285511779,43.57208570350991,313.21109860812277,-7.07749995050444,2.00587586220649,1739.900816341988
Mon Oct 25 04:16:21 2021,1,35.48301570759388,223.07732547831682,5.0695333017152215,2.043934068357,197.57283167880192,9.062637597166376,1.9428335570952846,1199.2838910616142
Mon Oct 25 04:16:53 2021,1,35.21844412628899,28.8038903137113,-0.9771329406980718,72.51314539183879,123.93264436968222,-9.03941124953895,3.0474931452175555,39.38577946607796
Mon Oct 25 04:17:21 2021,1,72.79453391130369,42.540742439562194,2.02392293155269,71.35565639489124,58.73210020149907,10.0,1.9810654862443198,2108.802137584757
Mon Oct 25 04:17:48 2021,1,62.10526779547625,142.36929827022095,4.890466371819919,19.188454737022774,194.90543878865216,4.037639630266852,2.009130485452058,1569.4034324500724
Mon Oct 25 04:18:14 2021,1,69.45337457427657,9.056701479176825,10.0,23.4322145268752,343.2375580360811,-10.0,1.9918023022760782,826.0418669054026
Mon Oct 25 04:18:39 2021,1,52.17800887901316,231.9586757242211,-9.179284914717353,0.0002114093973775173,110.89795587402037,10.0,1.9509592707011676,6089.812740921407
Mon Oct 25 04:19:06 2021,1,1.953352595279126e-05,285.58187284869484,-8.0238211358153,88.66240975663416,271.2023365402637,-7.007473987690205,1.0034166592823492,1411.6276656523085
Mon Oct 25 04:19:34 2021,1,48.96070747797861,233.05804941054947,-1.963018664786175,20.52520203867724,218.74469797794887,4.1110962810977,2.041052566623873,516.6501214244859
Mon Oct 25 04:20:01 2021,1,45.11224647266579,37.919483473266595,3.051015242898302,3.0228523534533256,317.5528037044502,6.015202252928091,1.9773342053149938,259.82593778842534
Mon Oct 25 04:20:25 2021,1,21.79999688079807,113.91762318637115,1.0276344720779296,29.24200899368985,59.73109536956584,0.00011510645719377114,2.73959055573839,752.5831122383618
Mon Oct 25 04:20:52 2021,1,23.39337792557528,325.26922888522097,9.18236138148778,19.75089731510573,192.19454887856762,-0.00022653540873798526,1.0178181617654118,1578.7357955925352
Mon Oct 25 04:21:21 2021,1,46.93625991904756,321.1208146780989,4.046599421649443,79.47338149366993,62.242944055357505,3.0084276851217018,1.9949979803801565,561.7434563148875
Mon Oct 25 04:21:51 2021,1,84.10587590606545,318.8175966811699,2.020189461443411,65.49811699165943,101.33677175463811,-5.192606707072704,1.0242063389119518,-785.8538511297459
Mon Oct 25 04:22:18 2021,1,72.65710886583155,225.95843532265977,2.029025958925785,26.718336088281415,134.65924449149495,-2.0279743553767604,2.9876442667735947,901.4534177003706
Mon Oct 25 04:22:43 2021,1,48.996430530058326,316.9364720985942,5.7989037815542,25.564492577558333,26.83915261363069,4.0189990312998045,1.0219774290910937,2115.3119464592164
Mon Oct 25 04:23:13 2021,1,21.144923621987143,198.83531621352395,0.9923325285251618,48.95459737486518,312.59506866969343,4.033695249263147,1.0025306406432637,651.2673618400411
Mon Oct 25 04:23:43 2021,1,85.81332624911855,356.23205171571374,1.9959881077135742,80.84315851980722,69.03956388209177,8.014868022341926,2.005641923771098,1660.498891882426
Mon Oct 25 04:24:12 2021,1,33.216472303207,173.47401603498542,3.663265306122449,10.22631195335277,145.21362973760927,6.135787172011661,2.045262390670554,479.4075066259404
Mon Oct 25 04:24:41 2021,1,12.394456621833559,92.953591296194,-8.262675720598754,15.496837076358808,329.72739842873847,-10.0,2.923417247142721,-98.32813455474658
Mon Oct 25 04:25:10 2021,1,3.068610182587543,78.67272440125286,5.9647966165667405,52.16694741724234,161.78853882215682,-2.9716537310866227,2.033993298756726,389.43670921300543
Mon Oct 25 04:25:42 2021,1,6.09356147368068,250.61742842585187,8.174331583524918,54.95360501782628,107.50347220926056,10.0,3.0481881967194524,-162.22010865143318
Mon Oct 25 04:26:12 2021,1,69.59417696055132,337.4247956679184,-7.127396537669756,20.82911312981044,105.301015748955,-10.0,1.9623852954407697,2719.3144504447973
Mon Oct 25 04:26:45 2021,1,73.84185951951272,226.23938256486696,-6.148546983457413,17.153071309683092,273.2932638125088,1.9612292651052101,1.9584681264717019,1938.2747532971443
Mon Oct 25 04:27:18 2021,1,26.099113023145602,255.40374647324003,-6.122658665357761,87.96367923190573,118.67688476764832,6.755658601013987,1.0071954571242778,1586.8296779440086
Mon Oct 25 04:27:47 2021,1,63.22134568633636,244.95692893935586,1.88687300548736,49.51091836266462,290.48203899256055,1.0571404939523998,1.0532389457153721,1633.1889998398176
Mon Oct 25 04:28:23 2021,1,65.0511544000223,256.9560997293153,-9.035207916926169,74.03244879567261,333.4399236173988,-6.982013198784194,3.0023609723087215,420.8062816119529
Mon Oct 25 04:28:53 2021,1,77.8595639463523,322.3100803970498,7.973250982457023,59.133183925971764,80.54337230526296,-4.009181275801312,2.9947441007742372,5008.1435710174355
Mon Oct 25 04:29:19 2021,1,32.375092142456495,335.44017565533414,-5.079119516639052,8.122115454435924,95.27256357413721,1.0140454107027552,1.0,339.2207583171329
Mon Oct 25 09:18:19 2021,1,18.357919047505717,87.94861424947001,1.8945891731548217,66.27850118160524,100.53429464723598,1.0500153891796549,1.9738715624130077,946.9977553351603
Mon Oct 25 09:18:50 2021,1,77.57954672676472,113.67327292824153,1.0412157982556556,17.23935631949828,66.7679556067937,-7.19039521919317,1.878500775655569,959.4211333781873
Mon Oct 25 09:19:22 2021,1,75.10222781596573,299.76550640919857,2.8864397831153266,35.652754302444684,6.289804548284941,-6.265131186676453,2.0412024807785976,1113.4443323556793
Mon Oct 25 09:19:55 2021,1,9.260149363780178,287.0078012652497,-7.210264635646082,51.452741560094864,18.48412721978069,-10.0,1.0,794.9139401676034
Mon Oct 25 09:20:20 2021,1,1.0001247824961816,59.99854387800207,3.0000599120853195,5.001091959233923,45.15835171998796,-2.047182969293277,2.000037696819608,-14.105782386750226
Mon Oct 25 09:21:00 2021,1,7.080070814194625,225.35366481742747,-2.03939787969121,36.32190691485943,225.5689516399492,10.0,1.0,272.32522621910226
Mon Oct 25 09:21:34 2021,1,15.525942620429799,344.4154335353048,6.038742366573849,83.99358682715025,349.0695955781433,-9.071656856234863,2.0272878991395116,966.9504426130567
Mon Oct 25 09:22:08 2021,1,47.37408543917931,286.3839905988914,-7.001846820315296,68.11235144466164,269.9539496822317,-1.0018276226467822,2.0131731768028747,1084.3768997356913
Mon Oct 25 09:22:39 2021,1,4.079200881285461,33.450086618873726,2.015098497542715,49.250702468448615,257.6712526700621,-1.960989577409102,1.9968478159084702,603.599978287462
Mon Oct 25 09:23:11 2021,1,1.8756029914218662,128.70971528635678,3.8319216414947093,5.903147852058638,258.7022847091802,-1.037021103389869,1.9612022044904078,31.574362460207105
Mon Oct 25 09:23:42 2021,1,81.47635512931201,331.45830100682707,-6.042502332714395,75.4673952977255,156.27933379826965,-4.997465452817397,2.0163164121254953,1084.6255521064252
Mon Oct 25 09:24:19 2021,1,50.36085786049854,202.20585003151317,0.00010706800753830485,70.65732243493346,149.89162481289713,7.114210669653827,2.8970042940317855,260.68919418654036
Mon Oct 25 09:24:53 2021,1,19.592116578524518,255.03613826697887,-8.153252087454641,81.44110466707042,315.5006289745943,-6.165018066647588,1.0101736737401694,2738.1277296858116
Mon Oct 25 09:25:22 2021,1,35.050062505822304,110.83377968180065,-6.1445838551242,38.20042207117396,328.24158870305405,6.02156593255634,1.9966466616629828,1303.5622753561868
Mon Oct 25 09:25:52 2021,1,62.93512379314211,109.66046349289087,-8.634180902263017e-06,84.26153979556395,236.1372892642263,8.10417781368008,1.0,2857.450444936381
Mon Oct 25 09:26:24 2021,1,49.29215729345081,167.15409876425215,-2.9766367101665443,8.941323373654154,359.06538298693374,-5.84093478290478,2.0534466026581937,211.7359399959529
Mon Oct 25 09:27:04 2021,1,86.95767600851907,98.33492733718674,8.104517403534363,57.587386976752285,218.6547009490259,5.155734735558061,1.9245537522160718,5319.3221668102815
Mon Oct 25 09:27:38 2021,1,63.90675619920647,125.10869536695714,-7.0379385342087515,13.041739637206003,326.2184874149277,-5.041698393150803,1.0103095151477808,722.4073063380451
Mon Oct 25 09:28:18 2021,1,41.087901523429295,307.11678974621447,-4.861910941421866,1.0348435726298382,283.6410507470948,-0.9983916561412756,3.0252938457359733,758.0204170776756
Mon Oct 25 09:28:53 2021,1,23.389242327385404,49.39378270287493,-4.079073443622772,62.81185521468213,304.88096499647395,10.0,3.092548107728489,318.4164534254034
Mon Oct 25 09:29:28 2021,1,73.92010323673497,250.73402234545242,-2.962760006595852,2.157996087429454e-05,14.046119707128536,-10.0,2.0070815306142777,3397.4725715407394
Mon Oct 25 09:30:04 2021,1,66.20159673534003,204.91408454782317,8.602465872702513,88.55492013105143,32.59192399957524,-10.0,2.0796995459324816,1969.89685795378
Mon Oct 25 09:30:37 2021,1,74.82567028531116,61.93338453031707,-1.0355120296633231,39.03745096155433,200.77155728082457,8.03326540590637,1.9956540654928192,566.9381047214264
Mon Oct 25 09:31:11 2021,1,33.48037677928117,130.35802677263013,1.0476313013926553,35.9690557801014,139.97252853418723,-1.9794485378750348,1.7233125569314405,1883.3653698976173
Mon Oct 25 09:31:45 2021,1,21.44224247243478,282.89731183939625,5.997569305671194,45.315769425199605,80.3119623929428,7.7324055813064305,1.0265344480533516,241.52666156910504
Mon Oct 25 09:32:16 2021,1,24.95747081791861,27.062825575519234,-4.009514329634299,62.662149543898465,189.414911253553,-1.0128786572103077,2.0043778866076014,530.8652340720095
Mon Oct 25 09:32:52 2021,1,46.97672051281317,15.99220864481768,-5.999039454084249,42.856989119344085,338.58497222514455,4.060545796768964,2.003003166717221,1363.2519423187052
Mon Oct 25 09:33:29 2021,1,1.0332533078745676,112.83409110417854,-4.030416758184948,81.06830540300263,340.08264256389964,-3.9997948522447087,1.0007362795632944,689.3833282270369
Mon Oct 25 09:34:02 2021,1,51.08846960696496,342.68713424678845,-4.042413377208657,69.0544380882794,326.5662943596022,6.987180891671004,1.0073141885869095,3640.901424647578
Mon Oct 25 09:34:35 2021,1,77.14236257311168,357.4826414985298,5.128214486857921,12.307829566732789,275.40915159665656,7.902631894469713,1.0,3568.9906452049304
Mon Oct 25 09:35:08 2021,1,21.30913219880663,112.27226268638913,6.8673094272734225,80.19011398145496,162.54843460002172,2.0332686492129,3.0057648836591166,2145.8821740361036
Mon Oct 25 09:35:38 2021,1,69.0,246.0,-9.0,12.0,98.7,8.0,1.0,584.5583287468189
Mon Oct 25 09:36:08 2021,1,61.38021354229583,30.81814192559018,-6.360822930678742,30.084930303673193,49.982579930682874,-0.9819276160293873,2.071102416111599,1086.6015555974654
Mon Oct 25 09:36:38 2021,1,4.062552941421561,77.29629109375591,-10.0,86.93198528959721,252.41718793741788,-5.042956577518604,1.0128949593864798,1914.3708521791903
Mon Oct 25 09:37:05 2021,1,36.41761349466756,150.30655484491382,-3.03479355590979,81.29557310760057,3.020618649599461,-7.923380517728992,3.0055495095336555,-309.24707962019284
Mon Oct 25 09:37:37 2021,1,73.97670323587857,28.561215272325928,2.021243145617543,40.11519960300571,79.45437844530876,-8.077692618103917,1.000405473799856,3744.693075192801
Mon Oct 25 09:38:11 2021,1,86.29803092201138,327.10382300223955,-4.263001081190339,87.82395735488103,137.970382493513,-6.893487085786582,1.934688912817267,4602.73825330884
Mon Oct 25 09:38:47 2021,1,33.12348339495195,247.77117272881173,-10.0,4.014266687720109,114.2845248434491,6.148022861903737,1.0037525046753264,1176.1058123867779
Mon Oct 25 09:39:11 2021,1,18.506319670670237,304.9999758677776,9.000001062398354,18.393654875748364,108.99990364868232,5.000003107263607,3.000002456504935,189.31758832198213
Mon Oct 25 09:39:45 2021,1,37.02401570662417,339.30128515307035,-8.04045424749193,66.21658854889071,96.08097814560557,4.327851376945939e-05,3.0320891905909257,423.04002916590883
Mon Oct 25 12:55:28 2021,1,10.007084862668329,188.06844424932186,-6.023411469907366,20.379254720256963,304.64317769609073,6.077998640226418,1.0065110303925895,144.91188851253168
Mon Oct 25 12:56:03 2021,1,66.0326058790487,171.67770771080993,-1.9675247276363872,80.29250538300329,349.30675023379604,4.063569143879203,3.0476200058062064,1344.5600981457137
Mon Oct 25 12:56:37 2021,1,5.109156703283674,308.0133396076054,-7.189092254514554,64.70298123150019,307.67234037895577,-10.0,1.9575301012966173,1487.642363052955
Mon Oct 25 12:57:09 2021,1,88.99999186201049,111.99995095902487,-3.0000015658212886,49.35000830489183,1.0000005364215292,0.9999989796311441,3.0000034409298886,438.1615749788108
Mon Oct 25 12:57:40 2021,1,15.782703339295542,125.2708980060601,1.0093497953888813,72.98641603834638,96.71524672422396,4.966232733331356,1.0091413224657275,691.0673737677558
Mon Oct 25 12:58:35 2021,1,50.0,61.0,10.0,56.0,80.85000000000001,-2.0,3.0,-101.11693797157497
Mon Oct 25 12:59:05 2021,1,59.713418110855486,320.2008092123101,9.127807120613461,46.790021107159596,221.81592751682305,-1.0114700557692613,1.0067830514841383,2912.202255191921
Mon Oct 25 12:59:33 2021,1,83.47388541209517,115.67112297654197,10.0,37.875176035212235,188.2721068871222,-4.488980531800027e-05,1.0000039926918625,2537.71831211194
Mon Oct 25 13:00:08 2021,1,42.657697033453516,108.76820705388604,8.114066901721582,9.098555874784367,67.07840578580573,5.043192312558784,2.8663818663584206,762.731348104721
Mon Oct 25 13:00:40 2021,1,16.316536594615386,255.8492594902698,-8.866199246505825,75.33279717062973,189.43615502818074,-3.0511176248980982,3.0528508479905,294.4968421468268
Mon Oct 25 13:01:13 2021,1,69.46928832922222,297.7902717150944,6.02732718653736,84.75736068035202,126.82305061667063,-3.007048208979096,1.0100609352291077,5464.277837064204
Mon Oct 25 13:01:43 2021,1,84.65321002718917,153.67235402040626,4.004186701591706,50.848001570678,42.157193445599965,5.945277094652123,2.0433361003832857,-121.14782609481588
Mon Oct 25 13:02:14 2021,1,37.197509508153146,46.17863672616335,9.042501376117016,58.37934276772489,204.61689025348386,-4.0116637324646,1.0259498931762498,2548.1039273442884
Mon Oct 25 13:02:47 2021,1,19.372978056421154,67.60618016536327,7.888746041241443,56.74504433400863,287.1763803680342,4.081040006356587,2.9630936597898483,568.4484527648983
Mon Oct 25 13:03:21 2021,1,27.104324348251165,229.47539877596083,3.020758975183812,33.286881931466056,320.44877979610186,6.03910458155624,1.0069857990806588,1578.3016650789366
Mon Oct 25 13:03:51 2021,1,70.00112676553292,297.752064992696,6.615192163845225,46.645793559047604,72.07974012001468,8.469734171157356,1.0321459723023583,1029.0271502525354
Mon Oct 25 13:04:21 2021,1,80.73072301317522,254.1259509811857,6.0173781729214255,20.49345721746386,151.51519357233036,-8.045109696704811,2.0063668559022605,826.6965661598967
Mon Oct 25 13:04:58 2021,1,33.41447668941515,97.25112649965223,-10.0,39.60529894461504,219.28841415334523,6.883573788353697,1.007525145646289,2024.8917159396347
Mon Oct 25 13:05:29 2021,1,77.67251231245436,152.16807615880845,-3.8538983876459136,36.48789234549574,207.29581751334575,-1.9915374411962952,2.0404350114222005,1556.5632238622381
Mon Oct 25 13:05:57 2021,1,47.86416089253785,122.20355336133704,9.165773276502243,27.49664940321417,214.66706315550636,9.162831476187456e-05,1.9713761504292213,3700.692271183549
Mon Oct 25 13:06:31 2021,1,73.13301785003769,20.59673041441835,6.557038535352648,47.34542071373033,72.40274519750214,-5.064492802054302,2.9723308127245454,1897.6376940527757
Mon Oct 25 13:07:03 2021,1,58.45105509564952,37.816508386887804,-5.846271580445759,36.61786916042203,175.691005099635,-0.9997034825683366,1.0179290223765274,818.0913553881908
Mon Oct 25 13:07:23 2021,1,53.73595706424954,236.2117418236267,-5.2721952158437424e-06,18.977944175041177,288.6534372737175,2.6718169813088183e-05,2.0081322432862665,816.5551341366443
Mon Oct 25 13:07:57 2021,1,41.0503380288995,235.42503850734283,-1.9604730988537482,55.30042289806855,192.3515468848297,3.1335876950447625,1.025879295884798,-278.41039508427923
Mon Oct 25 13:08:27 2021,1,28.218505582182388,25.083122531986376,5.071033833377996,4.034088228049743,263.80030136837286,-10.0,1.0040876094378355,434.138825293246
Mon Oct 25 13:08:59 2021,1,84.94613978291946,252.58291264571426,-8.11149192080883,75.64541933157432,232.1372683240628,-3.0432021391558606,1.91927700945544,3354.8319099164055
Mon Oct 25 13:09:25 2021,1,47.19710714113248,333.80870327634045,8.721541206096159,0.00011909790156409506,223.882512732313,-8.029997989310427,1.9902953568432524,5834.710483261808
Mon Oct 25 13:09:56 2021,1,56.99985408851005,5.000102753246261,7.999773101521207,13.325175280195234,357.9966540336857,-5.000085782503595,1.0000040716106473,4796.3376674077235
Mon Oct 25 13:10:26 2021,1,53.46697869023258,247.09135785077476,-5.1976445704269265,70.06644854869396,247.88060102692566,0.9646315990581888,1.8859661550611688,832.6987339203747
Mon Oct 25 13:10:59 2021,1,36.69251924550339,243.27623095545903,-1.9690805746457727,61.2810061473118,32.43576564804744,-8.117453114897671,1.0182675553253422,618.1660109305991
Mon Oct 25 13:11:31 2021,1,6.926795370696537,222.06015051816104,-10.0,48.84484545878743,126.63924239705429,-4.031287790028385,2.949273821704084,-119.18771754588047
Mon Oct 25 13:12:02 2021,1,20.89644955355596,120.94176228640106,-9.01850385952973,8.00344332802197,355.94170727276844,3.9952601234930647,2.0154801162660023,428.22184764474724
Mon Oct 25 13:12:30 2021,1,15.370238034620943,112.97580361507418,10.0,20.997005097789312,274.99784284215184,0.00012725811032953635,1.000163289663904,1178.5654905964427
Mon Oct 25 13:13:01 2021,1,20.932210028453923,300.2286325837342,-3.1733940056480763,46.790267225984245,94.53563249535429,-7.187742321504317,1.0003569878339411,3469.1634416055354
Mon Oct 25 13:13:30 2021,1,61.526405629270116,122.06519109187818,-3.034990169913115,56.55418218682435,146.2249316983133,6.058969270903157,1.008462775535273,2070.954393429018
Mon Oct 25 13:14:00 2021,1,63.160520683026995,245.22963152395246,2.0481606144943516,59.749809583816905,161.9980380404615,6.9295310426304315,2.9391429971856984,1895.0753926077496
Mon Oct 25 13:14:26 2021,1,7.161993846590935,61.11598552924349,-4.0126712765736166,10.143283276424425,29.879514944295487,10.0,3.0121225368866833,79.4918081408839
Mon Oct 25 13:15:01 2021,1,60.249714907594566,314.9090218150827,-5.0146496794345445,15.829454594045545,33.26060464478895,5.023859257487958,3.0132658153281344,336.94219705808183
Mon Oct 25 13:15:34 2021,1,65.54081308380859,140.50693472857932,1.9607721789702015,3.0740671227441485,174.80615669119967,-9.163154896153397,3.0759995892595198,623.3889452889167
Mon Oct 25 13:16:01 2021,1,40.19731908719504,331.6554778528315,-2.008715669361955,4.979698823856722,40.2115948400788,6.062505349180922,1.0200872268234007,1204.3592084239183
Mon Oct 25 13:16:29 2021,1,74.825,81.0,-6.0,39.0,325.0,-9.0,2.0,-302.2705714997644
Mon Oct 25 13:17:01 2021,1,9.836069856072196,126.61351736814657,10.0,73.51785793438796,64.32820591660077,-8.1686299882796,1.012345025864327,663.5146743133351
Mon Oct 25 13:17:30 2021,1,30.058759734784015,14.13992120956586,2.9520857452281724,41.263610768200834,77.18885999395243,-5.001932593990739,1.9951709599671354,2693.5884363325767
Mon Oct 25 13:18:03 2021,1,44.09836070125206,110.53514044824541,7.045508784025294,10.036275606718016,59.0742313290488,4.975059199361028,2.0087256053181983,-222.10705621106922
Mon Oct 25 13:18:29 2021,1,16.667725829952627,197.22781893317477,4.001842942531162e-05,1.9423544914222832,136.31021446752132,7.176683540594135,1.020870742495065,652.4965416017945
Mon Oct 25 13:19:04 2021,1,21.1479370779737,152.86294224294966,6.0579571071559055,80.33722516699959,85.65175670370843,-2.014839378787169,2.9776403510674663,616.5256082315815
Mon Oct 25 13:19:33 2021,1,80.39200037920706,344.9277840690893,-9.295552419835051,4.984408180045677e-05,94.35870301068068,-0.9909121638167728,1.0,6822.320045809611
Mon Oct 25 13:20:09 2021,1,49.02902127133167,250.5113213269338,8.677253782561877,88.25098427595691,201.4477077977457,8.643029033861033,1.0415186797973854,3656.227449030452
Mon Oct 25 13:20:41 2021,1,45.983055628481495,227.81116752634523,10.0,23.833488918426404,38.48165428093936,-7.975878787506684,3.1535398621345054,637.3908699553527
Mon Oct 25 13:21:18 2021,1,1.0262376696662787,243.1706146306721,9.238673132044953,29.676258052639078,75.97987091252863,1.025568543435824,1.8096048273280414,321.53568659778773
Mon Oct 25 13:21:48 2021,1,21.465597962428077,226.92519453966534,-3.781365761827751,76.17970068571418,63.04519110695745,2.028803139977875,3.0487699889647546,293.4058815982256
Mon Oct 25 13:22:19 2021,1,10.001917196663047,58.47899934081822,9.010337283654188,52.719167446074096,245.07178004499474,-1.0458031970196706,1.0004978627696446,639.7124047814286
Mon Oct 25 13:22:51 2021,1,8.206718919428045,1.984858939679567,-0.9834309306438769,40.140398652475355,54.54406656532381,4.998056923760004,1.9908801453753868,-203.5790654189894
Mon Oct 25 13:23:25 2021,1,57.74096689097561,356.9972825141528,4.729936470350483,4.015408923804888,357.87128992398857,1.8152491730748003e-05,1.0203692286504222,-152.3463828827734
Mon Oct 25 13:23:59 2021,1,43.36128902011218,189.89017327803202,2.0222598583942775,15.682808838485116,257.2069832202925,-9.270896547217703,1.0048754175370211,1574.3384785238557
Mon Oct 25 13:24:33 2021,1,87.82392604183764,192.999134783817,-1.9865122733366731,88.97376285125901,353.877499231173,8.165146979337443,2.007679916646599,2694.3846005746573
Mon Oct 25 13:25:06 2021,1,69.93606841579305,199.1366743884305,3.9715639167806778,60.592052496232725,50.39304246623108,-4.049345268217905,1.001739786644574,2657.237500162725
Mon Oct 25 13:25:38 2021,1,61.54631895302813,219.74639738522916,10.0,51.994223788816456,322.0269174797693,-1.0144216832359132,1.0161631854804658,7899.22979736986
Mon Oct 25 13:26:08 2021,1,30.152188530422876,280.85240513033034,6.002307915424403,19.719929118976808,308.015409917222,-10.0,1.0,283.0403792223506
Mon Oct 25 13:26:43 2021,1,65.84618116469848,98.78319783883126,-1.0075890799162739,28.35826758857592,235.71676757502053,-6.085267429723432,3.0232006163569807,416.9720327801113
Mon Oct 25 13:27:17 2021,1,6.005722117552855,327.9271388275289,-7.079111209642775,61.22000436998664,178.17381061352245,2.0033353104987124,2.0182129149457473,427.8939985865814
Mon Oct 25 13:27:50 2021,1,59.734463702892306,357.14227640120214,5.260874782159615,16.25977909987669,42.80214638825218,1.7514246362141317,3.077130265880955,247.92225192909194
Mon Oct 25 13:28:25 2021,1,63.0197871422573,25.505270711316005,0.00013230414226320168,78.78756710883556,298.7563410555924,9.043487123260574,1.00035606086288,2751.2740683080183
Mon Oct 25 13:28:55 2021,1,78.78541426306072,75.82034516563976,10.0,35.32706542371012,17.07580480239647,-7.086159559431584,1.959667338230237,1655.9151398289177
Mon Oct 25 13:29:24 2021,1,75.60097323528015,53.999380500350796,4.000038310291005,1.0299745801492407e-08,61.99987722200855,-2.999970843098369,3.000018989470753,-312.68837692300826
Mon Oct 25 13:29:52 2021,1,16.345628741797096,193.82677978592938,10.0,4.967405245143459,5.122369575690553,6.010298518494338,1.985086576104993,600.9341407126678
Mon Oct 25 13:30:19 2021,1,33.85707788607784,89.44048249023027,-9.21315204956973,89.4157585592944,82.77849240326651,7.096922585279538,1.0172018448512974,-172.52060879034494
Mon Oct 25 13:30:53 2021,1,43.31164590683897,208.38006969645795,-2.9220645395310094,32.230613905443775,66.52998419978718,2.015886288011582,1.05397343167039,1246.6438731275778
Mon Oct 25 13:31:28 2021,1,26.8541892189248,291.2341955375288,1.0163471909056103,38.29879001233866,195.03526182702618,-7.0961606953721414,2.0313535612430127,575.7607619296064
Mon Oct 25 13:31:57 2021,1,2.0566888018057314,210.59963421633546,-6.019430132749224,2.9802219454920387,114.00943923200809,-5.084947731725478,2.932682390381154,-3.0700589767223088
Mon Oct 25 13:32:29 2021,1,74.03352783654091,65.2448843993842,-10.0,58.698604474004334,41.15267229959353,6.164384291149316,1.9736490701514393,2835.9830669833887
Mon Oct 25 13:33:00 2021,1,78.87958989413767,358.4636922580243,10.0,29.32722143768759,26.081004710849378,10.0,2.970044969260384,663.1571908485946
Mon Oct 25 13:33:35 2021,1,74.87337927429837,134.11103303801434,-4.015512042199713,71.76844700992129,70.62394861497276,10.0,3.0181019322003433,-466.93027386236236
Mon Oct 25 13:34:07 2021,1,9.12926965948082,279.945409353474,3.0665323637224335,33.475314163951126,268.800453487357,-1.0201805445060934,2.984117625790989,260.6704936734858
Mon Oct 25 13:34:43 2021,1,8.000006348066487,251.017659151997,-4.999841770644911,20.999739090020018,180.0231080959083,-8.996461814733891,1.0005094624229307,247.76219947966382
Mon Oct 25 13:35:11 2021,1,90.0,198.67491352133362,1.0042566875854209,77.24606927171197,258.912003831422,0.9947133487848108,1.0022190033785727,616.1514530778527
Mon Oct 25 13:35:47 2021,1,74.0915137270133,175.4032645687657,1.9998372137464688,4.068907476474157,237.833158372311,2.0086673537634434,3.0503630141724374,531.231804721683
Mon Oct 25 13:36:14 2021,1,34.97070126608384,95.83278666526274,4.958537614335672,11.916471487024017,255.67818176628708,-4.0646348005202215,3.048145936017305,471.23054117442297
Mon Oct 25 13:36:48 2021,1,33.34617050279097,12.106597254988483,4.863563886770952,90.0,90.2549055170293,4.024919335739569,2.019927617765343,1896.770004569666
Mon Oct 25 13:37:17 2021,1,51.471583090914635,127.86339721640206,9.232554339347956,20.44720626948415,60.23436547900285,1.0296925082840305,1.8270244847831814,2620.8574244222586
Mon Oct 25 13:37:52 2021,1,90.0,137.18577157437664,-4.8189550178453455,35.30023307765735,346.97203196132443,3.9322670067935643,3.054315847513303,2537.7912234903524
Mon Oct 25 13:38:29 2021,1,59.341741254894536,249.6536950749692,8.936978571526865,36.68026843576521,67.66791446600693,-10.0,1.008662939124604,4341.15062083993
Mon Oct 25 13:39:00 2021,1,74.3798323811507,46.02084315173789,-3.0644180456716894,16.4677503514656,126.68537249305535,4.0820813157630695,2.014296536011891,361.35034459797106
Mon Oct 25 13:39:31 2021,1,34.43255601386568,185.5297686230962,-7.010227100162522,45.83370550613962,346.31419847112863,3.9664699789977087,3.046744615534304,696.1102069981835
Mon Oct 25 13:39:59 2021,1,68.10532553132927,336.71904899787364,-4.186394611026175,3.404849038295208e-06,320.846693644128,-5.9539375345228525,1.9458500319071845,6453.559624271863
Mon Oct 25 13:40:31 2021,1,62.38170938308626,218.87410339700966,-0.9975142112495246,46.21013051491039,166.4310223227901,1.5790378041119388e-05,3.0106389674388345,855.6322331932691
Mon Oct 25 16:19:09 2021,1,17.50144473595512,21.549059726059642,-2.027678925431396,74.60410153784022,263.36749261238424,-1.7658865702020152,1.0288026772918852,-700.6805344468723
Mon Oct 25 16:19:42 2021,1,54.74688469255699,173.4072988016285,10.0,67.65276517759412,151.86664927696967,3.982217298040161,3.0058136432963867,-291.26207347680065
Mon Oct 25 16:20:16 2021,1,57.37557109097908,102.65387057912928,-8.968835646587685,37.129744890617275,180.85602930515418,-1.0044763651773017,2.009595415496377,765.9280442628133
Mon Oct 25 16:20:56 2021,1,11.946861366596217,157.57407771850052,1.969905175905457,21.287317523843083,188.63579874986323,-4.1268601435588135,1.0061778982051663,-230.05666625376514
Mon Oct 25 16:21:34 2021,1,38.188295678037576,247.47757993178328,6.0868285794306525,41.47156817291183,216.6326142599944,-7.079173912492363,1.012818294184365,3623.7249822550084
Mon Oct 25 16:22:03 2021,1,63.98820769925871,58.07905822589683,-1.0014877201888908,48.641091853050156,93.7946471526522,10.0,3.0095625735837883,-297.007922503786
Mon Oct 25 16:22:19 2021,1,24.573501275510207,2.0143494897959178,-4.942602040816327e-06,3.587372448979592e-05,36.258290816326536,-4.028698979591837,1.0071747448979593,579.2698675874193
Mon Oct 25 16:22:54 2021,1,4.0216573485129254,189.39897278679234,-4.897602618308677,40.30836489757941,26.457303290613634,-10.0,2.031799442775175,133.04673026287497
Mon Oct 25 16:23:24 2021,1,71.50294146113688,244.58569547644393,-4.035568792381629,86.97986107768625,217.07944856228755,-3.9890620086363713,1.002223518256146,2628.0246711331065
Mon Oct 25 16:23:56 2021,1,60.94442332941681,153.39460306330716,-5.983287961287889,65.01552701444427,281.17975109303666,3.0075036403466076,2.007060986615353,1190.5392511999648
Mon Oct 25 16:24:34 2021,1,31.06096115769467,32.893027979906655,-8.022473230859521,60.659321484966014,178.88412810398785,-9.191005053648524,1.9870555850201945,1962.173285588071
Mon Oct 25 16:25:07 2021,1,35.66039304079189,8.835196821474542e-05,10.0,86.52574725936638,281.11855548320943,-6.111114680028125,2.9586783136941337,1339.9353550907433
Mon Oct 25 16:25:44 2021,1,44.51165793635286,165.27285795583327,-8.471314388813262,79.14703764960743,259.8167646899534,6.030666846343083,1.0289925564973832,4746.853346288619
Mon Oct 25 16:26:48 2021,1,74.55,259.0,1.0,0.0,309.0,5.0,1.0,-266.75484485366593
Mon Oct 25 16:27:23 2021,1,52.80759724548692,29.94085685051588,4.644229535097364,41.34541306066582,161.00921017145447,10.0,3.0896150841190577,555.1447350985586
Mon Oct 25 16:27:51 2021,1,14.375294696413423,14.120977936057802,3.015341057069604,28.993035946301987,75.05311200042014,0.9879920882059249,2.986639860953858,399.22432706645367
Mon Oct 25 16:28:22 2021,1,9.74204214158934,164.55537146540476,-6.2277664318093295,61.44877935041339,201.4136461116791,-6.1497019032158455,1.9467921149160334,1810.7359620220334
Mon Oct 25 16:28:58 2021,1,46.023438860605886,155.97276743423942,-0.9959004311968649,31.408269418653802,334.2712080262214,-8.208543728625243,1.0002476448651931,618.868310212338
Mon Oct 25 16:29:31 2021,1,30.98380235335213,77.72979671414329,2.894988650323235,60.662758009899505,92.99107711921783,6.208374105216052,1.0158471652370293,261.81031448976387
Mon Oct 25 16:30:07 2021,1,86.25172493179258,246.9730951669163,8.984754805145812,80.56492270488394,82.25303328623505,-10.0,3.0441312688997018,2280.0918605037987
Mon Oct 25 16:30:48 2021,1,65.46081704978465,311.51902838635766,4.964888196849049,42.17413039361025,307.41714501300214,8.352375532913655,2.9544105709436863,2502.123586922201
Mon Oct 25 16:31:18 2021,1,76.62061816761033,37.91362935316397,-7.1688866081483305,76.577431054402,85.8951460487373,-5.7620004407238,2.9427574955193596,1842.2561015674257
Mon Oct 25 16:31:51 2021,1,11.202969698375755,187.37265516744645,-3.0549868356381147,37.6775833586709,235.66434421650803,-6.899942199877277,2.0367839557745535,258.0508604770728
Mon Oct 25 16:32:19 2021,1,16.036211980614382,84.83428327252696,0.0001595748560996327,38.17532335316825,89.12403428232264,-10.0,3.0101859428732274,205.35741428865825
Mon Oct 25 16:32:48 2021,1,41.892733536962915,78.06497406888928,10.0,34.34730494825421,51.20677748898927,2.0467878511813797,2.965539733555304,1030.0731245007382
Mon Oct 25 16:33:14 2021,1,43.072051430533605,244.9850498371725,-7.442552176509534e-05,8.1194567679285,21.247594809092945,-9.10906672143647,1.0173995391430464,1065.6181091720923
Mon Oct 25 16:33:44 2021,1,62.94886725841222,172.9808310293153,-8.928813419358836,1.013302893168618,110.73917285296135,-6.010151682026075,2.019086930080277,552.7736228520843
Mon Oct 25 16:34:22 2021,1,48.11364903924623,74.55421096790823,-6.984124302013835,7.804756174027614,78.48478494670785,6.256990812832174,1.9810813762078094,511.27204196523724
Mon Oct 25 16:34:51 2021,1,83.11535266892082,215.16829242051733,10.0,87.09395574079537,88.05696245611338,-4.89909719906415,1.0075538646290059,5547.789277711147
Mon Oct 25 16:35:27 2021,1,68.72027058392683,220.27172181263305,8.842520049248165,56.78584369591827,312.022938325053,-4.090351680768785,3.094906850908019,874.1477949263119
Mon Oct 25 16:35:53 2021,1,50.36871276242692,99.16036937986877,10.0,54.136786431261974,169.35371732378823,-4.094537397846791,1.9839534905075829,2513.812323875552
Mon Oct 25 16:36:28 2021,1,14.44669945315922,350.6724656948286,-3.680152272155449,20.639170404751827,48.24059851789988,-5.0911991724302545,1.9995167220210077,432.9449556660469
Mon Oct 25 16:37:07 2021,1,10.985726083423453,78.07164227286557,-7.003460737113941,75.88297421612685,314.9993315959925,-3.999086004966057,3.0068179525694294,233.0670958942436
Mon Oct 25 16:37:35 2021,1,34.68694310903143,105.76318339085533,0.9718840876847669,75.5457129535161,231.9277378170044,4.087086694044233,1.008145943563926,2471.171892258445
Mon Oct 25 16:38:08 2021,1,73.57910498722137,122.00563652942611,2.045033218673384,29.034096747947345,198.82741107577343,-8.262333804092489,1.991928915630536,500.6997875574548
Mon Oct 25 16:38:46 2021,1,80.0,156.0,-10.0,46.0,343.35,-7.0,1.0,551.8080777563824
Mon Oct 25 16:39:20 2021,1,23.527509549626515,355.425199819215,9.124696986986226,87.21904556146794,156.77449708249713,5.12234491646451,1.9787188024183502,2069.0915868283832
Mon Oct 25 16:39:52 2021,1,72.54904105397146,99.91314173412943,-6.046672719247124,42.19426654711208,124.24737691397512,4.035435239154408,3.0264220175319307,1015.2612979137396
Mon Oct 25 16:40:27 2021,1,80.73545896539673,118.06885787799698,8.89389930023182,90.0,291.41962923835433,2.052210616008342,1.9709134779409396,1911.5727489130086
Mon Oct 25 16:41:03 2021,1,36.738430583559094,209.04658653593916,-8.367225416821555,61.637488480096096,119.52532569385075,10.0,1.0265993607627983,3699.8807323011433
Mon Oct 25 16:41:35 2021,1,14.217360675891822,324.78729888233363,4.932671326931531,88.64025555905073,278.36879456842576,-3.047755430727075,2.998800267320479,455.99111521079
Mon Oct 25 16:42:09 2021,1,51.48338402281719,125.93135560540959,-4.928909787769416,59.19948193519704,164.77395682294588,-10.0,1.7889333094342845,2422.9600780034125
Mon Oct 25 16:42:39 2021,1,22.827797545378168,121.17845617659526,10.0,85.26418444202082,210.85027158487534,-10.0,1.9935063942810047,4272.493024377344
Mon Oct 25 16:43:11 2021,1,72.12604252317102,329.9197115803969,-5.136342972792161,81.97965328500388,186.95892833202376,4.820070559204068,1.0,2118.519430848487
Mon Oct 25 16:43:47 2021,1,34.422352188260085,270.6872852869941,-6.149590102932452,79.1342654142793,62.046310907239864,-4.988187130882022,1.003551275148298,4657.097700347247
Mon Oct 25 16:44:14 2021,1,42.25539680017552,276.2210491187881,-10.0,49.284669663706374,64.63142022231209,-5.047114417370931,2.990907801620868,1655.6298382381967
Mon Oct 25 16:44:54 2021,1,46.292519658757776,298.6948626351016,7.94883952184459,79.90942949862884,272.28743311467406,-6.052171140504744,2.9899575046881424,887.8556811057758
Mon Oct 25 16:45:28 2021,1,84.9149989793815,303.0092839783263,10.0,24.352783096626528,286.50815673388115,10.0,3.0204932280785672,1103.4095367335651
Mon Oct 25 16:45:56 2021,1,23.95523238172514,305.55426698859753,-6.004289703618451,5.982581440018031,131.81921095961556,1.0016058408001807,1.9972012326959394,368.63276389047905
Mon Oct 25 16:46:29 2021,1,9.07236149869312,65.3418357375175,-7.1339717049528995,39.72901746046173,71.94952328287005,9.101170234709455,2.0285659118694754,380.6564073471565
Mon Oct 25 16:47:03 2021,1,65.78866246843187,223.0509028613002,6.065744144926435,6.165147117846281,272.36769178764627,-5.134476539676018,1.0,138.86226068759572
Mon Oct 25 16:47:36 2021,1,76.14493731014849,125.24680385936531,-5.093630531483148,85.51727441491633,205.29841137321714,-7.129521389302624,2.8671697148818893,1581.089732178716
Mon Oct 25 16:48:05 2021,1,7.967194090035257,6.205744898506819,-7.054176144448963,19.739051490954623,354.39066552654094,-3.028892307239032,1.011074123293581,971.9630586065962
Mon Oct 25 16:48:44 2021,1,3.7189875255435005,228.4439447532609,8.36286905068587,12.881994921262148,184.05946211725254,1.0384516138862627,1.0295406464149002,100.38382833510938
Mon Oct 25 16:49:18 2021,1,87.80589743932305,221.67150755413203,6.773692504764093,81.46392096676087,129.02520070256188,9.288873942877503,2.984324714050014,2563.243933809604
Mon Oct 25 16:49:43 2021,1,85.93452567112482,124.01510455445819,2.4172689774965355e-06,14.006369176040328,62.32037931392796,-3.0312613126351744,3.002365447003823,1010.6999554890128
Mon Oct 25 16:50:12 2021,1,57.638325280135234,116.51491901132809,-9.009262449478207,78.19215975347447,274.69162506630335,-3.006944996175723,1.0,3512.251012111683
Mon Oct 25 16:50:45 2021,1,22.260170530209063,231.17157695424262,8.166112317759088,35.66144137510595,272.3344370075166,2.862247907410585,2.9822422376221436,946.6888328985149
Mon Oct 25 16:51:25 2021,1,51.24217112276091,20.591410730078884,-7.77477827920397,38.023928890741125,118.61455535996106,8.089763056774625,1.01356008616797,-64.13001041658974
Mon Oct 25 16:52:01 2021,1,58.362429076729015,183.2723549570187,8.1919145482913,66.40410481829633,189.5576624891579,-10.0,2.941928998890096,2780.088328614935
Mon Oct 25 16:52:33 2021,1,28.771239528066452,121.29867452632016,7.1363569966013065,84.41911756378691,145.5219397975721,10.0,1.0208360415678899,2595.526854239937
Mon Oct 25 16:53:08 2021,1,89.99481645470573,41.9963423939832,2.0001305155687104,84.99815973450708,135.00134491042348,-8.00169176628513,3.0001133934701754,2171.94591781511
Mon Oct 25 16:53:38 2021,1,76.00232125771856,43.998302073868125,-3.000125797674022,64.04841714729753,40.00100093358563,-5.000026114011272,1.9999944304574315,185.20672794370824
Mon Oct 25 16:54:15 2021,1,38.99636208001429,13.16336271584624,0.9997754744227911,89.00344021327929,244.11333808812964,-8.999991583350813,3.0006066132705786,1624.4482226503176
Mon Oct 25 16:54:46 2021,1,74.11256032738962,341.8919558282606,4.989933858569017,13.118514513040616,42.84225337014731,6.084292501975329,3.0223307449653003,91.15604423595744
Mon Oct 25 16:55:17 2021,1,82.94739382146943,334.9009322022829,0.00018296340808336334,32.11059043095938,114.91298658202169,-9.022992060283945,2.9811048640913937,3230.8147376958786
Mon Oct 25 16:55:51 2021,1,33.12190270958728,97.0488454106306,8.160191948497475,67.85955576368121,299.6002962289821,-9.08689488416664,3.043935362272924,655.1883715414209
Mon Oct 25 16:56:25 2021,1,2.9731958004862653,22.153580651543642,2.077888047631248,81.77726445371384,26.27542014207574,3.9977130115962662,2.87241835336214,-78.47771911133209
Mon Oct 25 16:57:00 2021,1,20.88999067329796,160.24438323366834,5.941625910647769,67.22264227095565,343.7245593242965,-2.0060286980943483,2.0095108076724353,-41.71752262052258
Mon Oct 25 16:57:34 2021,1,76.87808057753494,61.84143537654304,8.233481466669591,43.216218359820445,271.0658879108564,-6.860747263762049,3.0917966566974235,1043.2787958433357
Mon Oct 25 16:58:09 2021,1,13.235772793224667,293.6411842788662,0.00013922676591099391,71.30425803122857,21.32186011810331,3.975820839298518,1.989735060460879,-238.13659036673238
Mon Oct 25 16:58:40 2021,1,81.64291107622938,125.68403953019953,-7.97490905770237,34.122095459129625,252.7281684141035,0.00021388198449880853,2.9976100150744855,1950.8369519422772
Mon Oct 25 16:59:13 2021,1,79.54968307748824,119.72715955534396,5.03625985358094,44.85785380858834,250.8022942540551,5.036136785064274,1.0070918096100052,463.8568689963099
Mon Oct 25 16:59:43 2021,1,75.99462299162755,327.3684970842605,9.083077647331795,26.692024626880766,219.70908826934942,5.169135599109776,1.8921456775916083,3335.6111586318707
Mon Oct 25 17:00:42 2021,1,21.0,1.0,7.0,76.0,187.95000000000002,5.0,3.0,454.89070504010976
Mon Oct 25 17:01:08 2021,1,9.20598921143764,231.50307307051293,0.00011443845079868792,3.0663960781970863,96.34930172037713,-3.940439788096704,1.9323265350662049,30.304695018797034
Mon Oct 25 17:01:41 2021,1,49.43728647081355,132.3148896607026,4.040252370567446,72.94389937758919,317.0684942991378,7.116811378549668,3.0186863530748003,660.794782617412
Mon Oct 25 17:02:12 2021,1,46.075742374113005,356.40594648701233,-1.1801577749246791e-05,90.0,303.84394584866976,-8.020712294722383,2.9956715449146096,2281.2842198569497
Mon Oct 25 17:02:44 2021,1,76.59832215727428,235.0555025606712,-5.88879542763559,68.45489271233006,17.913220177504584,7.4262022729347725,1.9758065370842468,3626.698068391495
Mon Oct 25 17:03:14 2021,1,53.81925266111994,350.1782480200833,-7.100231670172668,6.270954508799637e-05,336.30941476325137,8.168477736324629,1.0109842675939218,5749.347091739038
Mon Oct 25 17:03:45 2021,1,19.103329652171404,148.65612137445305,0.956072677882168,47.92660465355236,220.9391730053322,10.0,1.025113983880134,2832.2399861564822
Mon Oct 25 17:04:15 2021,1,84.9989426202969,177.03548130281334,-4.99903154880374,75.04429525668033,39.863215017952,-5.005829658640424,1.0000715243678742,1341.3021602323486
Mon Oct 25 17:04:46 2021,1,62.95679716100308,75.70385796572818,6.0132456034629325,73.06617789689079,332.95710588525856,8.022827136795286,1.991607471729325,2730.3933159254448
Mon Oct 25 17:05:22 2021,1,18.997339146199756,212.03037947952993,-7.001891698452447,12.002316206639133,359.90224197970616,3.0001051690606095,1.0000004024100133,798.764328706443
Mon Oct 25 17:05:48 2021,1,62.4042246495178,28.547279069634794,-7.136371169889475,63.09886978603801,135.32200656360615,-4.9179595585038545,3.0569368183982633,1134.3190595067997
Mon Oct 25 17:06:17 2021,1,11.266581632653057,345.87244897959175,3.035204081632653,5.058673469387755,298.46173469387753,-4.857142857142857,2.023469387755102,-301.2320925689815
Mon Oct 25 17:06:50 2021,1,79.11275637776514,316.99237111851846,8.099882251464532,31.00781419421232,316.9953342142822,-6.999896970031468,1.0,3356.823233566497
Mon Oct 25 17:07:26 2021,1,22.96037005077487,196.93624941298447,-10.0,2.937880686603387,150.03325554383616,8.908794636321218,2.989803496247564,102.80682802308112
Mon Oct 25 17:07:57 2021,1,44.81430314287461,189.39048926858095,7.069659772847009,40.70597137540396,47.68838628834239,6.136758938263087,2.9569770863332154,1435.2878522290493
Mon Oct 25 17:08:31 2021,1,37.75215297461699,334.2687333444105,1.0489133585695627,31.493334168795847,206.5884837872492,-6.51497639815795,2.006190870747418,1189.098785571736
Mon Oct 25 17:09:01 2021,1,38.98195255245302,164.93828490233807,-5.128913802263889,57.53978367249621,25.486392159023808,-9.099366667682144,1.960846206486086,380.2165840458629
Mon Oct 25 17:09:39 2021,1,31.185249231356945,60.72491281948664,-9.71099741749045,26.408863662949347,131.97549769030937,4.825945225677891,1.7800206258917886,1526.9547799249508
Mon Oct 25 17:10:11 2021,1,28.801528072616883,107.8481057054435,-7.117967572750775,50.5660058348649,353.38004283924704,6.100525081873705,1.0172530938123538,4376.503079463136
Mon Oct 25 17:10:40 2021,1,56.85648991204445,251.99208294524894,1.0096121150687791,59.13050144416631,118.39239497808778,4.803997240634512e-05,2.9851233554257752,5847.1311614380265
Mon Oct 25 17:11:07 2021,1,19.0,103.525,-1.0,89.5,72.0,-10.0,3.0,-186.35846730881082
Mon Oct 25 17:11:42 2021,1,66.22881779134124,344.03971116857554,-7.215579319796862,19.50773043379852,284.36145247145623,-2.016715843376301,1.9566691859346586,1811.6140650665454
Mon Oct 25 17:12:12 2021,1,30.00273550054807,326.021416448876,8.014412120453773,18.14751693865557,205.27220319646008,4.2367617665589935e-05,1.9686200455268414,2393.152592010292
Mon Oct 25 17:12:41 2021,1,31.025510204081634,42.98979591836734,8.935714285714287,60.55102040816327,117.06530612244896,-3.027551020408163,1.0091836734693875,1933.1136500397101
Mon Oct 25 17:13:12 2021,1,42.08399247778705,46.001596210895556,-7.004101238935357,12.54893847944063,271.93335308580623,6.01325740793405,2.994029079677341,609.1338787450109
Mon Oct 25 17:13:49 2021,1,29.72218440558732,332.14793539148206,6.644585221412418,58.69036283334627,222.50942558476856,-9.123822957495964,1.0302757089793637,3057.178976541976
Mon Oct 25 17:14:21 2021,1,47.37295302402277,220.300532373983,-7.995925659201106,72.30442159483177,203.59489077958162,-3.0318143285341788,1.0,4168.2388788859
Mon Oct 25 17:14:58 2021,1,61.350515294567415,213.86666766367676,8.76727509501752,48.40398022922342,276.9910577851709,1.8125717245043607,1.0389618412010968,2625.410163352839
Mon Oct 25 17:15:31 2021,1,3.0017025914867532,172.84654876065423,-9.229750359136595,37.44292877208065,50.65956800226154,8.289513168494981,1.0,579.547448345516
Mon Oct 25 17:16:08 2021,1,78.47059436576185,232.53096515804936,-10.0,75.47260606346256,351.1199490385794,8.272934774495006,1.935600164819501,2034.4034015188129
Mon Oct 25 17:16:36 2021,1,11.963185096335216,179.5682559739429,-3.0628845141204635,57.82127051309805,268.13996448630024,6.887810837072735,1.0,1295.36200950492
Mon Oct 25 17:17:07 2021,1,25.802316620196386,27.844643860270402,6.185339421788532,28.853800669176046,94.93941449670038,8.079341023378053,2.8718367477836964,527.7419353732029
Mon Oct 25 17:17:43 2021,1,2.9976636948059667,245.2672899802624,5.8569903145836815,86.72130946431469,124.22353785282797,4.122914237373294,1.0006971274507936,1740.50449856344
Mon Oct 25 17:18:12 2021,1,85.9525814998851,104.50118789209488,-2.0106183186938664,86.00689582001323,232.66497644806708,-8.0462497187123,1.0002238626927673,779.5540946219397
