3.000000000000003,1.9999999999999916,1.0000000000000022
-0.41100000000000003,0.0,0.033000000000000085
-0.4109937161650222,0.0,0.03202043097118189
-0.41096530216728544,1.1860901655431543e-05,0.03220801324272397
-0.4108449430557553,-7.582996639089983e-05,0.03243722327108679
-0.41062671901584225,3.255893712679397e-05,0.03239020087415534
-0.41021882458414916,0.0002971279665618805,0.033475090477132166
-0.40962482067031725,0.0017035559078409414,0.03475340509259263
-0.40906770234750256,0.004219477781920758,0.036522909313579814
-0.4081565664533688,0.006769634657794796,0.04003295628602375
-0.4070717629603115,0.00946910602976049,0.04434263263265222
-0.4059368833125836,0.012725482792868933,0.04838532053522299
-0.40445842546023264,0.015441374703871996,0.053896000832837486
-0.4031300554953597,0.018674096992493283,0.0590480960987102
-0.4016720764750741,0.021196968595515165,0.06451897227077294
-0.40105899249320254,0.02365418268761153,0.07001991430355672
-0.400820784258065,0.026016789254016313,0.07513586525969804
-0.40039162670029926,0.027276988079115445,0.08130678122494328
-0.4004883377347543,0.02872932396630059,0.0867693589231136
-0.4010682758302295,0.030103580868428473,0.09130966699354894
-0.40183933474240674,0.03177682557556942,0.09487182127349972
-0.4028949740457706,0.03301279236461536,0.09856859045440496
-0.4036700526170103,0.033806366733277,0.09967583023884437
-0.40444947467246833,0.0331580636604541,0.09972532546442911
-0.4054946738075521,0.03153586441880436,0.09801627581863986
-0.406048541883413,0.029334667710957416,0.09599086215735003
-0.4073313405044757,0.026542734290965618,0.09289681572067066
-0.4093820090486606,0.023256290193126524,0.08945829405987273
-0.41146404717981355,0.019606175828033673,0.08672696831115356
-0.413304565331907,0.01507090653932415,0.08566795575072816
-0.41530863155812137,0.010034326178826134,0.08584630227220005
-0.4174674498119145,0.004589029665379,0.08635621313165989
-0.41961029061866695,-0.001206188394518453,0.08670512368237385
-0.422674523684781,-0.007038335421931075,0.08685269913201536
-0.4262790116261736,-0.013039175141141628,0.08632340838881718
-0.4299872583814591,-0.019229324004980945,0.08655131872965052
-0.4337751958905185,-0.025911697753568535,0.0866241577882304
-0.4376523067426245,-0.032952558341485166,0.08694378350155763
-0.44185123737742676,-0.040158296803219376,0.08737114679615438
-0.44539445873415073,-0.047902581536739146,0.08806295783609384
-0.44863980719779706,-0.05629100818648341,0.08955015443344623
-0.4514868638436779,-0.06504946957207941,0.09206207897901189
-0.4531527301673504,-0.07520773993255181,0.09593632864306331
-0.4542937257921144,-0.08528809590547815,0.09983106802244161
-0.45486840051472466,-0.09524996434456212,0.10311257725620306
-0.4547188810314503,-0.10517335567424013,0.10534415643951768
-0.45453196311059335,-0.11526413686115693,0.1057579460192972
-0.4545824942271805,-0.12540162691740175,0.10418663595606097
-0.45514356058900945,-0.13618488238328158,0.10003783909286426
-0.45617046343459955,-0.14700018110065882,0.09389242176328105
-0.4576810991753837,-0.15775928049710655,0.08598852001385639
-0.45985725667862837,-0.16851192007529323,0.07686722703134594
-0.4625618399603435,-0.17914548044721568,0.0671829471555882
-0.4637364136118825,-0.1907395394470257,0.062158477077976435
-0.46533200028530036,-0.20197180450042557,0.05620019534144769
-0.46720959983606614,-0.212629698153126,0.049688774110779016
-0.4685657729763883,-0.22232641890603072,0.045001002108422714
-0.4694544852296138,-0.2304462005364518,0.04622573088895636
-0.47028075671862557,-0.23824332046927657,0.04663725357832627
-0.4711702643741373,-0.24575335178995852,0.046667518702682494
-0.47222473424359795,-0.25306129186951276,0.04567729601561104
-0.4734402283676689,-0.25998513951540775,0.04361285367702357
-0.4749775257310813,-0.26608998164648306,0.039900954939770965
-0.47677288798956097,-0.2714736814099693,0.03507732601994119
-0.4786969153529862,-0.2759659660075916,0.029458183296366087
-0.47914584587704223,-0.2793987690679409,0.03266368455720761
-0.47945001644335716,-0.28120592055482974,0.03482938857855096
-0.47965700595980926,-0.2819001205948637,0.03616267221005368
-0.47786776624521854,-0.28080355632985693,0.04228872796524511
-0.4757437492432379,-0.2787113197541035,0.04752678008080834
-0.4729444961455863,-0.2763082952852257,0.05203917273057226
-0.4695657207155559,-0.27376635694076545,0.055994247750114925
-0.46574006362726506,-0.2701771020993783,0.06334542840198705
-0.4615399737512251,-0.26616190348191515,0.07009927037778299
-0.45718482296753155,-0.2647551260008041,0.07539682735808845
-0.45230541757856685,-0.26284022179364736,0.07934545187499716
-0.4471785769769702,-0.2602781265488689,0.08202052658211514
-0.4419501632737383,-0.25681423364569583,0.0829304658130024
-0.43608064769488497,-0.2529831798223512,0.08299178692508839
-0.4305019283462174,-0.24712647635538218,0.08684084596503618
-0.4240211451856729,-0.24099755027478553,0.09041359188938594
-0.416629681037089,-0.2347211164237139,0.09316547656185868
-0.40859937119268774,-0.22981763094185645,0.09576753468443655
-0.4003875310383118,-0.22482407884030559,0.09758448137158009
-0.39233946657247487,-0.21948515139079808,0.09864471804753072
-0.38475319983747,-0.21437300671187107,0.09900909886146711
-0.37802553048945015,-0.20917525890832067,0.10130688312273721
-0.3711242450140956,-0.20456074216299724,0.10230813100344628
-0.36452457084874734,-0.20247194171650262,0.10287188559251537
-0.3584596673752827,-0.20115170443694097,0.10197589990965598
-0.35304576679765143,-0.19907153602192976,0.10201838182424962
-0.3475329915160747,-0.1971834718822935,0.10168043666487196
-0.34239963170025756,-0.19540346873900555,0.10333714187089212
-0.3366108144447411,-0.193904034729774,0.10471652708964524
-0.33023479868533134,-0.19276315818227027,0.10748243734749627
-0.32380468152922887,-0.19136841192299572,0.1093831358839121
-0.317366247086592,-0.1898095093401233,0.11051290592158156
-0.31136209128541287,-0.18724817445409317,0.11223368816510394
-0.30539632505550934,-0.18497076930083856,0.11320167521417773
-0.2992508873317428,-0.18249431910360428,0.11215402357746547
-0.2939171161839028,-0.181808927885811,0.1116022253598149
-0.2883155653885482,-0.18097690936962138,0.10978456604919289
-0.282851946854279,-0.17920861697284074,0.1089250180024692
-0.27734072055967623,-0.17697619815467944,0.1084550195953782
-0.2730915534296886,-0.1757356642221026,0.1088923069605135
-0.2687133819314471,-0.17449203835059274,0.10912112885203469
-0.26548356866217193,-0.1735413887976694,0.11111608176847215
-0.262314436331214,-0.17208183553183334,0.11170193164440796
-0.25944557214019015,-0.17084679051956891,0.11227049637877563
-0.25619328997003227,-0.1697452117525006,0.11190365989131715
-0.25205956371083876,-0.16861416767582238,0.11107527495992371
-0.24724140152878077,-0.16770384187386705,0.11120432793668672
-0.24186495481256765,-0.16643377952670554,0.1106613336102879
-0.23610428869739825,-0.1648315969987172,0.108449376804775
-0.23025238872324216,-0.16333868328451745,0.1051938728692859
-0.22460921929655922,-0.16159277575180625,0.10110013882394542
-0.21961910909061072,-0.16020204893642476,0.09758789766827419
-0.215173290558026,-0.15900615295134674,0.09517216728628305
-0.21086221446047648,-0.15765070116152255,0.09223921938314195
-0.20667876557487994,-0.15593391122906447,0.09126988582175466
-0.20201151832481362,-0.15410877463189904,0.09050628101567713
-0.19699348314419166,-0.15184485383409155,0.08949131781066476
-0.19088131006766434,-0.14933745482764804,0.08999026384915856
-0.18407174705066381,-0.14684705136428883,0.09062904205322236
-0.17631083333846262,-0.1441126885932396,0.09117789550217101
-0.16794959425660894,-0.14115046996374134,0.09111961660743718
-0.1592531871545549,-0.1378389503135256,0.09014965552569694
-0.14900820017881036,-0.1334165660631414,0.08780501361361663
-0.13878499454721238,-0.12885476001306015,0.08408373114246138
-0.12898684857400694,-0.12448869732267323,0.07937859799262187
-0.11962363259454241,-0.12036589593926207,0.07375813787169139
-0.11063887820043806,-0.11647515769113378,0.06716340470642061
-0.1020630534616908,-0.11253335075226384,0.05900175279417181
-0.09377862617952656,-0.1087459531835324,0.05487079704753795
-0.08677790731917065,-0.10383382730522653,0.052671751101433364
-0.07995104798729184,-0.09902351888972319,0.05097140975949458
-0.0730312118401412,-0.09435739108768318,0.04847586441394856
-0.06551371150407365,-0.08969938007091346,0.046867823165910566
-0.05862254191129747,-0.08567047098974043,0.047011965009348115
-0.051782047907963785,-0.08155689776466511,0.045966763148810603
-0.04525546244512925,-0.07735614263508295,0.04388500622774666
-0.03988146044949306,-0.07365356250495006,0.04012633663614276
-0.035710046698580314,-0.07085066986802,0.03898889224829777
-0.032746691009263335,-0.0680994541801685,0.03638779356142821
-0.03037014973019321,-0.06544963541503857,0.03327575168314286
-0.028205728873225366,-0.0642678608846533,0.03530862233065865
-0.026167958283650126,-0.06346648336853855,0.03679545685848376
-0.024533352145142667,-0.0638291415427328,0.04174785092523914
-0.022876338633666816,-0.0647223768007506,0.045915334796229876
-0.021363236228797218,-0.06621378554866172,0.049458114892724274
-0.019981326297926285,-0.06835413984834134,0.05222464022142126
-0.018251101683060815,-0.0708356511016635,0.0539210136962269
-0.017731931917864773,-0.07406214276725653,0.061185684048752284
-0.01742663653025075,-0.07778636415350976,0.0676869844044515
-0.017210445950330836,-0.08204039714147912,0.07331141438802949
-0.01565514796342516,-0.08622921507252754,0.07795587825923678
-0.01414965059927413,-0.09046417647321416,0.08210045694832864
-0.01301724261156072,-0.09492673770416515,0.085704441337811
-0.01239876704258652,-0.09981681878520862,0.0884764223498593
-0.011053535817950506,-0.10503821541459173,0.08918413456621221
-0.012432242809015243,-0.11008040429952083,0.09209879554127984
-0.014708197174404313,-0.11598974359359712,0.0937552528312135
-0.01733568184971195,-0.12263647328523802,0.09447162338501917
-0.018827573955026072,-0.12966004522736488,0.09450726003615889
-0.01915464341257937,-0.13667346244885517,0.09430041387555606
-0.01846542268540291,-0.14348314552975897,0.09370596998573909
-0.019641973941092763,-0.15026655770407385,0.09623910374328117
-0.020843929655737344,-0.15749850058735376,0.09761222796343379
-0.022444304696060912,-0.16503535346395184,0.09754807205208688
-0.022835044458693537,-0.1718701195064845,0.09703525253981178
-0.023690017105697677,-0.17906682821436642,0.09561797658340118
-0.023980804041620656,-0.18597198388577263,0.09388849419905178
-0.02435722593774877,-0.19191726787911598,0.0915709180108534
-0.02576535863563841,-0.19580363283338187,0.09228292900248462
-0.02740210119345534,-0.19862724517507033,0.09236181632156085
-0.028714271530970503,-0.20224616027890335,0.09225905987401034
-0.0292899052735561,-0.205504927231002,0.09504559504943046
-0.02904089850201642,-0.209087254775566,0.09792339219095107
-0.02795800236306828,-0.21280038956389058,0.10105927396955247
-0.027051607378723967,-0.2163740828500728,0.10263078265101991
-0.026361835059960183,-0.2198083084745593,0.1028437931995873
-0.026064124956841378,-0.2237971155687763,0.10289854328238425
-0.02612407266044126,-0.22772602935841685,0.10232858334251704
-0.02631116377569707,-0.23216602636489367,0.10202920115945796
-0.02679422251661144,-0.23674785224685369,0.10121839102157285
-0.02654023289236062,-0.2415354920318489,0.10197797692259389
-0.0259074124739275,-0.24617893106369415,0.10304273035957925
-0.025510607853573418,-0.24974306996746407,0.10419115626767458
-0.025306857993200187,-0.2520420956474751,0.10424435859050737
-0.024759408053960666,-0.2541740989631366,0.10487892110835549
-0.023193194394797056,-0.25593564364253796,0.1054373519326977
-0.022933709105344535,-0.2587220423303993,0.10646121563118698
-0.023466444301674678,-0.2622709976911933,0.10639156989741431
-0.023286713629643546,-0.2665812205723253,0.10633982567611515
-0.02273678384436101,-0.2719421922945637,0.10605362034794456
-0.022266472758578765,-0.2782897804282726,0.1068239059044692
-0.02149447116805781,-0.285345681110244,0.10784132474260817
-0.02080026076292593,-0.2926002381582236,0.10849890929932024
-0.020113292442721323,-0.2997180842305125,0.10923276716609108
-0.01975335532169809,-0.3064601667023067,0.10916029749694948
-0.019499829368736586,-0.3127703264747413,0.10808271447014599
-0.01921983401716997,-0.31910855434097096,0.10709834171821905
-0.018828298895605666,-0.32620946757600594,0.10655519678153368
-0.018050598835455175,-0.3341845405744002,0.1056559222025786
-0.017206998156152658,-0.34280786156839216,0.10401527193247426
-0.016582258731373572,-0.3539237804618037,0.10265844597038311
-0.01622416434044646,-0.3652691119821517,0.10034473830526174
-0.016692362692196785,-0.3768032363739974,0.09866674368945885
-0.01675912151413264,-0.38951835805344975,0.09569483384343153
-0.016527419556852937,-0.4026304747255391,0.09089898802303872
-0.01618527412203514,-0.41561908783049417,0.08479695220775393
-0.01585718844801255,-0.4284050660009294,0.07654089637450655
-0.015573372371048177,-0.44056967612383185,0.06652848722108096
-0.015576064534780842,-0.4518718728497401,0.055230738284355076
-0.016775819701592212,-0.46277218172992834,0.04865600448784284
-0.019083242162379666,-0.4729311150461889,0.04271639289154941
-0.020814662541676476,-0.48124295101787984,0.04503020817954695
-0.022955368675104556,-0.48894094368083674,0.046955020235781506
-0.025230528670845038,-0.49565187145484657,0.0481336780720727
-0.027037398715595587,-0.5016794283279989,0.04770698080041442
-0.028331320016566026,-0.507674737194753,0.04599664480782415
-0.02927312550827207,-0.5139643697452868,0.043462158489982944
-0.029915749193634638,-0.5202415040875689,0.039836528525057174
-0.030645038343540484,-0.5257438830964054,0.03446761010093738
-0.03130836493383056,-0.5303873097050016,0.03281189880188379
-0.03129928378156897,-0.5323590515288263,0.03871335368283313
-0.0313223591427791,-0.5335201703649729,0.043460312856749145
-0.031382921896558925,-0.5337383440609178,0.04715817681386556
-0.03133908638773764,-0.533170509644514,0.05000197717219388
-0.03105099120508655,-0.5321676949565658,0.05217148375899608
-0.030957965351002783,-0.5311806800747695,0.05246909899713148
-0.030618215407953037,-0.5288453550706472,0.05573409090999772
-0.02972654861580257,-0.5261172368303408,0.05829121566474375
-0.02794116546694468,-0.5237873845419815,0.060295721878746746
-0.025182033626744347,-0.5223983007990394,0.061846009785670675
-0.02201216796412192,-0.5201317927380726,0.06612725154860828
-0.018273848541936526,-0.5178579127163604,0.07032187769657132
-0.014633378132485591,-0.5151134212007767,0.07397201957883764
-0.011119917276607091,-0.5134206694776073,0.07665369982395778
-0.007784735403855086,-0.5112135044790052,0.07842429185083606
-0.004502188679962722,-0.5081808871785021,0.07917654507945225
-0.0009523169966999083,-0.5042328934458649,0.07879237770114965
0.0030409436217430433,-0.4994662591655406,0.07719666061574808
0.00671402473899679,-0.49324027437881524,0.07701111068396763
0.0107571280277028,-0.4908615235055945,0.07637822913308116
0.015437641947051672,-0.4884923218806317,0.07464164064547307
0.02073976623843123,-0.4859338600073434,0.07202535234536028
0.026490191141142105,-0.48323306433236773,0.06870332055228055
0.03123317970014936,-0.4801723850410145,0.06935440573450392
0.035963235707889216,-0.47683759075343335,0.06975835221145546
0.04095229459097536,-0.47356318218446475,0.06954113117735361
0.046404311831780586,-0.47030550612494104,0.06871170058127869
0.051583022776256246,-0.46649447722050424,0.07022171225429459
0.0570696442320761,-0.4631735085549701,0.0720447158944437
0.06278809788961923,-0.459693999849096,0.07327942492420852
0.06866738270632892,-0.45603228990470057,0.07379938854133869
0.07327731389161808,-0.4532271306637443,0.07558875116762058
0.07611014817012464,-0.4507678319203375,0.07686784218541146
0.07782281792996137,-0.4491673117549413,0.07921051745119578
0.08000115272782687,-0.4471205212421199,0.08200067389019132
0.08301601765952393,-0.44511921230387724,0.08450479228727162
0.08659202892037943,-0.4429944717492411,0.08613876692879688
0.09071808667359943,-0.4410448131355213,0.08667337657526979
0.09525713929559011,-0.43911106713274556,0.08737255625599062
0.0997343830239393,-0.43717203185464404,0.08696355598139907
0.10443932956216306,-0.4355356205442352,0.08754281972581213
0.10875357633160582,-0.4337918996423407,0.08822040931573363
0.11269191357316019,-0.4325413831621978,0.09075649063354434
0.1163915517258356,-0.43137795004035406,0.093281680327037
0.11993634313506321,-0.4303392417404043,0.09541479197924944
0.12387204025393671,-0.4297707268532049,0.09881636399454356
0.12812433066674836,-0.4289207826461543,0.10194816535842299
0.13325368073586413,-0.427243585515046,0.10373227408127669
0.13896279483579604,-0.4251504698989656,0.10416074324324974
0.14483457820665957,-0.42249323133925193,0.10553387917787947
0.15108369382719425,-0.41926886877608205,0.10613032938603319
0.15738974221262603,-0.41555504505700513,0.10700530785452857
0.16425091163707276,-0.4119117619524478,0.10764923880113443
0.1718444103037224,-0.4083075616945653,0.10864940986094639
0.1798373961388448,-0.40484576235458936,0.10966515484423366
0.1878342321528831,-0.4016145975614464,0.11043283214091897
0.19588535224912865,-0.39891802263259646,0.11111297453147999
0.20367598375527696,-0.3962908063920624,0.1120464732853169
0.21137524139613098,-0.39356253941189623,0.11250782894052225
0.22065709776830092,-0.3904803005194169,0.11150689784438113
0.2305971996733456,-0.38713357368278367,0.10917448056695592
0.24161123126029704,-0.38333421170286947,0.10474446292442964
0.25297974807158574,-0.3792207711848592,0.09831823517617366
0.2643722668884054,-0.3748557145397938,0.08960629707017699
0.2753083957218189,-0.37216521469279384,0.08754896713386662
0.2864267077872667,-0.3697744209302746,0.08363556272146967
0.29745199271229916,-0.36752261714706097,0.07908193814672383
0.3080888466596234,-0.36487648217099,0.07519711996386165
0.31850260352918064,-0.36234344099638016,0.07011942353504441
0.32856406176481273,-0.3598875444970738,0.0638956383243855
0.3382925627214737,-0.3575134290556603,0.05575459629424224
0.34764632580251376,-0.35520340619689567,0.046633272711152814
0.3546442878217544,-0.35346409453502187,0.04806855529943446
0.3614269457617777,-0.3515771294452288,0.04834372615455039
0.3670808639297985,-0.3494036162479788,0.0473015602400938
0.3712685312700411,-0.3471061766773429,0.04522540113656971
0.37524670945677663,-0.34500434862870494,0.043122635015644215
0.3789581733994465,-0.3432099676644325,0.040785276434872654
0.38229278783551796,-0.3419507362829506,0.03751715777522211
0.38517121941276106,-0.3411755828966693,0.03271700833301312
0.3875134293856062,-0.3417136660605796,0.03464968027034515
0.3890434736371466,-0.34256627521163774,0.03462728568595788
0.3894363699792488,-0.34391045194227926,0.03339749351455218
0.38753402144147253,-0.3455755072918906,0.03891289790658359
0.38513217637334984,-0.3477431029343445,0.043572547297649325
0.3834975984926442,-0.3502123398606084,0.04678519630450877
0.38186545332568217,-0.35287291724635256,0.04962291090044775
0.379412419980099,-0.35615870648280756,0.05510049872159981
0.37664674390093666,-0.3603270529960379,0.05950663830759611
0.37320756745074085,-0.3645774430200622,0.06236735251224194
0.37111026873753944,-0.3683809178261244,0.06302924709434413
0.3687627965721981,-0.372689189631198,0.06293557439867797
0.3665646856409333,-0.3777505472395122,0.06207733060883894
0.3644736098058449,-0.38355322856360685,0.06052279403525797
0.36109821849090157,-0.3900240215284506,0.06332542696368558
0.3589895317138782,-0.3965110766817433,0.06616204293619452
0.3566076386577075,-0.40275013131689785,0.06857188298302205
0.35305253588403795,-0.4083117699508575,0.07254549149391194
0.3502725680998551,-0.4137111647096482,0.07540044847372812
0.3469939346369846,-0.4196896000961534,0.07701624433485467
0.3429826555172829,-0.4261432459668616,0.07884853602257916
0.338819745900755,-0.4328434467092892,0.07888857905478333
0.33484534962487345,-0.4397476295358189,0.07771906749455261
0.3312162088894192,-0.4462861974753591,0.07594729128279765
0.32851114981658963,-0.4528281194497887,0.07443986289089921
0.32629413132702645,-0.4587201688759662,0.07597061928876575
0.325374247726582,-0.4644831790903492,0.07838399621374328
0.32565417149933606,-0.470034621087834,0.08095244113134344
0.32574917946831744,-0.4757269136264523,0.08283701904295233
0.32494060827948396,-0.4818151506064579,0.08613392449325105
0.3247465252333743,-0.48845525371382525,0.08900900504425663
0.3243192413520583,-0.4957453309072254,0.09266382435731256
0.3236417847261101,-0.5033836941277108,0.09525983405338619
0.32274206764419505,-0.5110605937911891,0.09672384281543929
0.3217059776755286,-0.5189442054968131,0.09851658026978898
0.3212260148127268,-0.5262191509385619,0.09982313689909358
0.3209226415671796,-0.5320495934611389,0.10013039784174328
0.32082006396919815,-0.5361531326111671,0.09884994452164383
0.32177408951674846,-0.539687446307445,0.09833596846778628
0.3223125400959534,-0.5430632784094532,0.09880220683606672
0.32298272729921845,-0.5467570035345838,0.09893865392760676
0.3232757554103538,-0.5508915834626306,0.09787677591623468
0.3234320974853712,-0.5550650395257739,0.0988028742804435
0.32314254143481247,-0.5598757360020477,0.09945842279263305
0.3229699917215531,-0.5654467031682998,0.09926698765519622
0.32322476818900464,-0.5713590788752745,0.09868752104984163
0.32395759803278645,-0.5777340956079047,0.0976262334106285
0.32491770345389287,-0.584166427476381,0.09574543897764669
0.3255609514572777,-0.5901572402398292,0.0937084291284127
0.3256383700093298,-0.5960356727348468,0.09091700010541598
0.3250603104445971,-0.6017854836645677,0.08872045211620182
0.3239503666217586,-0.6070297055043831,0.08835826051938897
0.3227798479663095,-0.6116815567928737,0.08914089441971619
0.3220819619926979,-0.6167397222380913,0.08886036982651048
0.3211281248556358,-0.6227845071346633,0.08904969937413629
0.3199548865962677,-0.6292856147862105,0.08920552570333207
0.31879863350286736,-0.63652225113046,0.08950695200137179
0.3179164806398147,-0.6448252993119263,0.08996742472153112
0.31705018658330236,-0.6542829163230044,0.09028560222615357
0.31623581450666766,-0.6643262727688072,0.08992422723820043
0.31579470408933924,-0.674544658248301,0.0888582915227365
0.3155415958498766,-0.6842612356325055,0.08711735626704004
0.31523475920786265,-0.6936340845317142,0.08516519430591869
0.3146945742820995,-0.7022044162801614,0.08306763945488958
0.31396600242300843,-0.7114427182683346,0.078935464903657
0.31293014706305994,-0.7208710886724687,0.07274370565735468
0.31223587534759284,-0.7306039516636209,0.06837133783573265
0.3112280329773915,-0.7399600766126563,0.06291744529076485
0.3093888216480403,-0.7490454372871854,0.0592668620682403
0.30751122688073135,-0.7582304730013384,0.05443419103236627
0.30547897683945185,-0.7674011727508181,0.04885157093365368
0.304119315076585,-0.7754511637837512,0.04938997069809597
0.30286235243540954,-0.7833044974534926,0.04926181795490479
0.3018914298214058,-0.7910450592140517,0.04766954839840212
0.3010105890205894,-0.7984564114995217,0.044907163492168584
0.3005390177754083,-0.8043218639840787,0.04438955140748883
0.2997775551766302,-0.8092152303034937,0.04254798879452177
0.2986550854660812,-0.8133269097854274,0.03978386809513643
0.29746089029897876,-0.816701903364264,0.036341685812311675
0.2964454111047532,-0.8195307051387184,0.032366715974137594
0.2965937165130481,-0.8219027900361318,0.034632045899216944
0.2970218864310512,-0.8242478148063336,0.0348834359780273
0.2976577756640721,-0.8260144710386644,0.03423447303358074
0.29935831753096037,-0.8258958856120708,0.03989849770756123
0.30166130878842423,-0.8249992409011785,0.04552700135760213
0.3048823332344432,-0.8246727072784663,0.05027895810280485
0.30877094745326916,-0.8241271962718855,0.0545243361831967
0.31307585106684943,-0.8223176031257267,0.06228345207655234
0.318023453755943,-0.8202323457260146,0.0692116647658788
0.3228491397580759,-0.8201709506591425,0.07492446339942098
0.3274216163307782,-0.8194956694433134,0.08009304154155536
0.331965174139248,-0.8179414025603534,0.08454196056659799
0.3371407625666367,-0.8154669044080594,0.08751654955986174
0.34127275259716733,-0.8109447374778228,0.0914383831760077
0.3460171693478961,-0.8057430397387452,0.09403172930489814
0.35126363113224546,-0.802410972348281,0.096074703693038
0.3572754226370713,-0.7994902307526753,0.09727539808335439
0.3637772312616653,-0.7966922118118654,0.09769506994738889
0.3704512319863706,-0.7933809579331571,0.09733676200934577
0.3765233925156918,-0.7881182270263533,0.09979168639334655
0.38300300397217363,-0.7850725948348296,0.10203895210015616
0.3898155079777289,-0.7820743238866797,0.10321257699500036
0.3970794219526438,-0.7790446666622854,0.10333127114168611
0.4045816799225371,-0.7757679772258448,0.10225883824496469
0.4118359057806057,-0.7744724843770783,0.10133503524721835
0.4181905035842799,-0.7732282416511431,0.09896173633206652
0.422260802695232,-0.7709476426321371,0.09910254783169659
0.42527539994658003,-0.7686786688386396,0.09867120845339608
0.4290115214398837,-0.7661237594334989,0.09773006639642678
0.43293747697800405,-0.7638708710298393,0.09875106699305794
0.4372642567782045,-0.7623567308882261,0.09993852435527097
0.44189900776809404,-0.7614639279758674,0.1027833230518412
0.44628462834059013,-0.7603628672641204,0.10475553862609006
0.45038701971882283,-0.7590039765365111,0.10616705262008054
0.4544280466523908,-0.7575775824399318,0.10618453882976468
0.45839798624437694,-0.7560388234385776,0.10503111248138286
0.4629582067913559,-0.7539640074618114,0.10432834794149497
0.4678836851829441,-0.7516419251968696,0.10261399430903519
0.47348554215779226,-0.7495611561413839,0.10197345256592436
0.4790226054112695,-0.7482310429947046,0.10257870845053127
0.48364423838270937,-0.7471406464637121,0.10312384023602511
0.4866806812364785,-0.7465382652679886,0.10357060107700161
0.48929773673292665,-0.7467999143241937,0.10471791610932425
0.49144989194537725,-0.7467927469473573,0.106061484015455
0.49405717365698704,-0.7466766069274559,0.107259468049512
0.4968689782562072,-0.745905295704159,0.10777433382743298
0.5003920177685183,-0.7455003250541664,0.10792216511010322
0.5051487973787041,-0.7442342825111584,0.10798623233052287
0.5113121177824174,-0.7427155670584012,0.1071376709959604
0.5184254059310559,-0.7407768257441605,0.10562813777218423
0.5259286373304436,-0.7380906447063124,0.10462541436656195
0.533417041842634,-0.735412859012995,0.10296504977404523
0.5405083940222676,-0.732722757760734,0.10051905491634355
0.5470553331795394,-0.7299726442478902,0.09784935725984316
0.5537287480411869,-0.7271793394343796,0.09574039332017986
0.5604661549080361,-0.7239934060911519,0.09285573445865289
0.5673437291879931,-0.720828229236375,0.09054695336809396
0.5745428822936671,-0.7178617451388588,0.08807906971697795
0.5824496724435944,-0.714814993519598,0.08734490186173346
0.5905922422854823,-0.7115355260402506,0.08683014737973027
0.5993706602778757,-0.7086613467566261,0.08640837805149468
0.6089885135545432,-0.7053623510976882,0.08515056338445294
0.6192830897909706,-0.7010413373555681,0.08426250155810727
0.6299117246112301,-0.6964753505147984,0.08222571825244127
0.6414971549437279,-0.6917073831562526,0.07766253303682435
0.6527399876035871,-0.6871117586203812,0.07177254843672239
0.6633749854579173,-0.682683098878878,0.06476158382067267
0.6733875988050478,-0.6781105043350922,0.0567893894227797
0.6825183465536744,-0.6731453403061503,0.0492318107366975
0.6909669559292659,-0.6679831348395541,0.041262349550031774
0.6975058869752293,-0.6635235673041401,0.043670861580754956
0.7025946020861558,-0.6589734528367276,0.04482279823465937
0.7072868408694939,-0.6548651974144833,0.0449112304967599
0.7119240670888077,-0.6511805969695124,0.043396236739379
0.717076142366498,-0.6476090182224019,0.040836062244839336
0.7224565288545334,-0.6444371827776305,0.040847047762475566
0.7282458632304464,-0.6411619526055911,0.03917337042066911
0.7338060852818888,-0.6378024759053316,0.03648084893484625
0.7382321088481009,-0.6343841285570053,0.03279076477853542
0.7400940893640975,-0.6327286475694264,0.036996209461164636
0.7408779517342119,-0.6313356820309225,0.039968033097968286
0.7409995127097743,-0.6301637452472917,0.04157435694349175
0.7413148671348955,-0.6294269202517075,0.04169603041734679
0.7403699587081246,-0.6297498776613163,0.04593154248078091
0.7389409032206612,-0.6306548531899732,0.04932417400776699
0.7383315319750715,-0.631750146216183,0.051726096729213994
0.737761439235951,-0.6332678232105897,0.05334984350416439
0.7372247497296724,-0.6351435899751545,0.05411690269274046
0.7366500161933128,-0.6373950043251793,0.05409570155577911
0.7358939696951945,-0.640435695878595,0.058607045792886385
0.7351031989568946,-0.6439832057054843,0.06257849745709482
0.7354760170401384,-0.6474728159917112,0.06565054799548309
0.735718068336212,-0.6510000729168208,0.06812425124603656
0.7355711789584092,-0.6545369964631476,0.06983252306159793
0.7336908614768409,-0.658205701675603,0.07306379293917056
0.7310838841671868,-0.6623820871999496,0.07529710356551336
0.729821928626296,-0.6669446242887137,0.07565382566339643
0.7282713566019745,-0.6721778597075804,0.07505406680079661
0.7266037160999965,-0.6783070235926764,0.07347022182787974
0.7234682322806019,-0.6850497861042699,0.07428641519385905
0.7201672102885223,-0.6926275064337872,0.07455096510042088
0.7171796762987752,-0.7000423548709173,0.07413981178958234
0.7153860443452682,-0.7065399406074938,0.07331894444618825
0.7136409801988333,-0.7128300098919722,0.07134672661698678
0.7110031825875971,-0.7190215487392377,0.07095322881749057
0.7090370741164176,-0.7255286372572248,0.0703410478061676
0.7069213829051944,-0.7325167152935539,0.06929361300154713
0.7042439630485607,-0.7398357733545403,0.07037941692859406
0.7017523017073279,-0.7470853774599567,0.0710837183930613
0.6994791273582001,-0.7528341401059049,0.07334832966235748
0.6965736940301955,-0.7570902603393121,0.07505725040612225
0.6939202673564621,-0.7602856564559797,0.07634232725269231
0.6921866570682249,-0.7640668101446454,0.07952686419746056
0.6914220010936264,-0.7674321149850816,0.08324608547935669
0.6912880448557943,-0.7713533399730733,0.08663120716827999
0.6918778483565348,-0.7756619125849749,0.0891230735890727
0.6925037638462,-0.7806313068068638,0.09134108262769564
0.6927950092692604,-0.7856481903502641,0.09208936841613055
0.6932586879341487,-0.7909012552862773,0.09294935967806287
0.6933103715521349,-0.7961977705303495,0.09313900361691926
0.6933637688738166,-0.8014657566029538,0.09414701646204182
0.6929082405994628,-0.8066812053749045,0.09506762835934927
0.6931217513633706,-0.812047371221562,0.09672064221289503
0.6935452364766687,-0.817227523775955,0.09826657594290578
0.6939021425156173,-0.8224094767130432,0.0994311450464713
0.6943419036198801,-0.8275820918388427,0.10035534535316214
0.6943870537899614,-0.8330524246348362,0.10203167389717488
0.6944533926202732,-0.839121469324539,0.10317086048006767
0.6941715086530779,-0.8462885837516323,0.10356712745946282
0.6935984820657678,-0.8541164249509262,0.1032853711620013
0.6935323480642308,-0.862418245481105,0.10244985019191294
0.693854993202323,-0.871365745837631,0.10212909006666095
0.6946309984311778,-0.880638452585525,0.1015104616137723
0.6956634626793322,-0.890248318584964,0.1004708158436762
0.6970779550243561,-0.9000550049859004,0.09900301147185044
0.6980849174719393,-0.9094875589648822,0.09787450075580606
0.6986038343106454,-0.9182883457257005,0.095958293115886
0.699132533143265,-0.926362782155375,0.09288400603986507
0.6995863041227346,-0.9347160548725935,0.08925428422045646
0.701236889633422,-0.942734459992044,0.08864631522510638
0.7027929899280618,-0.9514568839654208,0.08819512466729129
0.7043569368272442,-0.9601055393397386,0.0874717453790721
0.7051602465562321,-0.9694126389005834,0.08659326657790682
0.7058074472684007,-0.9788822094550981,0.08521675857219402
0.7065308948347351,-0.9887557169431499,0.08301726116564422
0.7072416188841704,-0.9990628806072946,0.08026197435987259
0.7080811303588639,-1.009968020448203,0.07550204365942285
0.7088886275284025,-1.020803159082914,0.07016978874493411
0.7095833967250521,-1.0313437760156172,0.06358540219666194
0.7094571408298413,-1.0416228402261432,0.05693139654711111
0.7090180071251602,-1.0512742443493721,0.049082151371450854
0.7080831610062109,-1.060458945507438,0.040637405129925266
0.7078505243094989,-1.0678756419664923,0.04220025103709517
0.7070996576003545,-1.0743488311769587,0.04302880876843655
0.7062690193145258,-1.0804873857970463,0.04393103172758005
0.7054780867953668,-1.0859905663468297,0.04439075000719072
0.7049666735736378,-1.0909428515455641,0.04323896706970328
0.7048064026287404,-1.0955617480239173,0.04018805911852101
0.7043077058598218,-1.1001503008238511,0.039266924365803486
0.7038744602065141,-1.103925756044402,0.036220830562004536
0.7032024768199973,-1.1065551944431389,0.03216918934267487
0.7036584764812646,-1.1066991248127411,0.03737142883090834
0.7046040305249854,-1.1061729498083583,0.04267835173636925
0.7058773428108094,-1.1051050536039306,0.04709643246384906
0.7073632043278439,-1.1034894530227275,0.05050491929796417
0.7087073571294021,-1.101418994864426,0.05307074992461413
0.7101022394355556,-1.0987444203684344,0.054578769240761056
0.7112566028322648,-1.0947234774822054,0.05812092860300173
0.7124290414142964,-1.0916422670359816,0.05947798798856449
0.7141668342808113,-1.0883807268378138,0.060196117040087434
0.7169618016174715,-1.0855600266362613,0.06031356507018708
0.7199407724200959,-1.0821294341660022,0.06274202817655015
0.723635558624948,-1.0792568867866792,0.0647208846457677
0.7276994498825852,-1.0767695543586326,0.06637853211237177
0.7315315014696868,-1.0740061130146341,0.06752676725360401
0.7344910231453509,-1.0701534336861906,0.06965538949796611
0.7376703634438344,-1.0673564259927983,0.07018910309394588
0.7410258567763983,-1.063637331607369,0.0697121629216099
0.7440540472223575,-1.0585171566466431,0.07010402139761562
0.74710511622545,-1.0527347301813015,0.06872840384890712
0.7506341464350554,-1.046772877086651,0.06609960629951915
0.7544350706743146,-1.0408779791886884,0.06278580914144734
0.7586875155444962,-1.0350619999121835,0.06272942484865733
0.7633119253921552,-1.0305251667079376,0.06409215825715021
0.7682901819083927,-1.0260051861184605,0.0652138530138099
0.773416438116287,-1.0226219383573434,0.06820258753979681
0.7785083209144474,-1.018821584643561,0.07080453315469774
0.7838036378176895,-1.0147718225155165,0.07238932330353516
0.7895863987356241,-1.011120519828695,0.07470262646255335
0.7956993627505753,-1.0077901843533827,0.07669941031505023
0.8024019190063978,-1.0040512703792892,0.07982065038518821
0.8094629188368134,-1.0000392301642405,0.08251480887900148
0.8162404909294437,-0.9965964840577067,0.08465521099538874
0.8214776759743792,-0.99390959080965,0.08710711527343032
0.8250484974032732,-0.9915975716611947,0.08855428111765258
0.8272430438295831,-0.9901400312309511,0.0896014870697561
0.8302309684285719,-0.9886797534285569,0.0918841198677101
0.8335529643976074,-0.9878113932403417,0.09349400709202658
0.8375882035966539,-0.98678733384797,0.09426462611868329
0.842244732270193,-0.9852467626832214,0.0952968898662418
0.8470660928427357,-0.9833782597024654,0.09533462511690448
0.8519894335269051,-0.9815027783554894,0.09434056458903964
0.8574446909963468,-0.9797775115366218,0.09358368834983538
0.8632667598394604,-0.9783238773829851,0.09235008008089024
0.8694511944449455,-0.9770022412817417,0.09040762041041195
0.8763040990061568,-0.97579884738685,0.08873299711815832
0.8828181380613441,-0.9743011722854886,0.08853339251081775
0.88896855468677,-0.9725602321930693,0.08905483526663555
0.8948117668409444,-0.9709254054002817,0.09048657037912898
0.9000743313610109,-0.9687303167142873,0.09190276252791778
0.9048091373610763,-0.9663700200921155,0.09325173501671805
0.9098347903293394,-0.9646993415629121,0.09378906283244381
0.9155197478352309,-0.9621620099507662,0.09434009190970932
0.9214911039123861,-0.9591753933868146,0.09457146518152032
0.9279984114080574,-0.9559090392006713,0.09436136547416145
0.9353342329608032,-0.9523382022888275,0.09415581991445893
0.9436254647691745,-0.9484948429531799,0.09360901670358444
0.9529366321145347,-0.9447441459991714,0.09302766823432883
0.9626414506507605,-0.9411739532766631,0.09290627405710221
0.972240022284774,-0.9381335636166039,0.09263376886207696
0.9818527737549851,-0.9363429036842649,0.09173364423966598
0.9909063693609754,-0.9347332678631568,0.08984207492798515
0.9993641921712338,-0.9329526211190484,0.08746282795821614
1.0072637094824266,-0.9295927767408344,0.08496432338664658
1.0153677485102126,-0.9253659658390752,0.07980302937659325
1.0239867390226394,-0.9216685103212047,0.07630323780448145
1.032757227103444,-0.9182949546711877,0.0719016553843478
1.0412853040716405,-0.913803632365267,0.06846898928417743
1.0503292905661354,-0.9091638307595419,0.06416335042268943
1.0590874031431106,-0.904322999746394,0.0584064488987709
1.06751264149343,-0.8996459798817185,0.05159749998557188
1.0754240030777846,-0.8952517436049885,0.04697406189289784
1.0821386587087214,-0.8922231124395421,0.0481255697056848
1.0884206680559814,-0.8892566972450147,0.04886732219727684
1.0947128728169027,-0.8863817558999262,0.04834073764595756
1.1008852311780386,-0.8834862943953263,0.04720045886977002
1.1062178990937221,-0.8803722082169336,0.04486340418785277
1.1102567061273598,-0.8773225269988648,0.04132705866640063
1.1139919086611536,-0.87439009558689,0.0368861002772244
1.117072558648163,-0.8717002962713464,0.031701210507056585
1.1190793505477301,-0.8710286741832561,0.03382888082590196
1.1200722807574657,-0.8710489116420973,0.035549248132305214
1.1204209449248614,-0.8716556714731452,0.03651027296777743
1.1201027342196677,-0.8740805229430175,0.043208164124595154
1.120195732161265,-0.8774371207594992,0.0487285377914316
1.120441161130993,-0.8814905954178127,0.0535878664513364
1.119677779602416,-0.8861107415368491,0.06170098030124278
1.118715945954369,-0.8911849976595142,0.06907489971419079
1.1172740453384535,-0.8965704163861105,0.07579623229824345
1.1178050190556401,-0.9013505418190455,0.08088009955074835
1.1179257964827747,-0.9067319790049386,0.08461913597069481
1.1173893271359383,-0.9123695225155269,0.08697691561719038
1.1160362995330626,-0.9182143890176145,0.08753823337124103
1.1143922202916248,-0.9247330381636462,0.08722773720447227
1.1106637817913734,-0.9315409040002502,0.09066280432621594
1.1071622397848047,-0.939301098854469,0.0932872820489443
1.1045556590150638,-0.9475469617724567,0.09538152457427541
1.1022948291736487,-0.9561481611938455,0.09692439231924961
1.099419524669065,-0.965129270684846,0.09742677571012592
1.0960496497889023,-0.9745027107551503,0.09688340437418137
1.0913941977144253,-0.9835410207753817,0.09897184822460654
1.0902250416781354,-0.9909872303539761,0.10297220190695854
1.0901230790507488,-0.9982006339748843,0.10612873285242627
1.090268005842701,-1.004826221731185,0.10734121423868428
1.090368149485006,-1.0110103819314893,0.1066107673495545
1.0902360805429858,-1.016845253752692,0.10509148783735622
1.0898337617380274,-1.0232525470901948,0.10265155841805645
1.0903025581794168,-1.029023316622887,0.10101945860856323
1.0899859044448308,-1.0352663173682555,0.10307069613201604
1.0905135622247433,-1.0417447702602303,0.10578752054958072
1.090725140572036,-1.048260927606786,0.1080056708873626
1.0907637860592252,-1.0547555283429904,0.10949495596684157
1.090889479222067,-1.061289606793264,0.11022831935697719
1.0900888994415128,-1.0677011976354964,0.11170973821170439
1.0889797232063936,-1.0742615500223807,0.11141808778545045
1.0877140402260945,-1.0810100765079367,0.10912124301032221
1.0886616927074833,-1.0859912723644018,0.10857219523367105
1.089129727231749,-1.0909101449704839,0.10864126859662793
1.0894278488081481,-1.0954334843150162,0.10844853798409193
1.0891133840074885,-1.0987396360372583,0.10873578178050296
1.0890681796729116,-1.1020586384313587,0.10912189156033475
1.0887188202489446,-1.1047397240335213,0.10956927421234908
1.0891133731964602,-1.107058455485995,0.11051471933427583
1.0891313319397191,-1.1093362337941228,0.11110435012447233
1.0893332439879064,-1.1120470160388614,0.11077154269176585
1.0895771084027224,-1.115781718469986,0.11051077764631742
1.0901575395532463,-1.1200920427540242,0.11022633369134768
1.0901025571119642,-1.1254062051284437,0.10916419058867341
1.0901745218524375,-1.1310330554274184,0.10727495930553448
1.0900344905405654,-1.1370038373542208,0.10471649835459901
1.0897209748119152,-1.1427830525177518,0.10106477986998175
1.089326795540458,-1.1480898771459196,0.09785457047119744
1.0886574916206633,-1.1529978892138877,0.09508808710246175
1.0877722059007544,-1.1579805978766855,0.09283516741038392
1.0867130915153196,-1.1626530161414441,0.09208234102727252
1.0857586132079755,-1.1677342860557618,0.09152408922751029
1.0846317120528361,-1.1734090922996312,0.09090262890946332
1.0836206661177,-1.180171123682689,0.091960108791416
1.0828429210799753,-1.1876031504951372,0.09317739288211634
1.0821078108424842,-1.1959840475024497,0.09437012727478414
1.081335156566422,-1.2050160864083588,0.09498273803959426
1.0804542954872713,-1.2162645341433345,0.09325046391301219
1.0796411900014615,-1.2280444139935567,0.09063534308891838
1.0787335009139287,-1.239678097823209,0.08668190774093551
1.077861889174919,-1.2507656796172402,0.08180809506068057
1.0770529992810507,-1.2613121018511235,0.07609080197594137
1.0762331212480964,-1.2712590650643718,0.06956922556592662
1.075245402569584,-1.2809794708365905,0.06145927638097204
1.0737298270981999,-1.2901626255213337,0.05636488089292048
1.0708436714250502,-1.2985248182600835,0.05314990908441285
1.06808198281271,-1.3066696053027953,0.05050976618373451
1.0655847592059635,-1.3147093180902505,0.046761323195569166
1.0633700190701358,-1.3233479855888137,0.04491511465658004
1.0616223949808803,-1.3310756458210042,0.045380282214685694
1.0598379408538459,-1.3388641284415088,0.044630734262541674
1.057905389333924,-1.3464583530552623,0.042771485916255965
1.056319947026695,-1.3532684233366568,0.039271975282852596
1.0548478321141048,-1.3586674667633063,0.038235092583385796
1.0530274777230597,-1.3629017468935234,0.036187157878001835
1.0509970924945145,-1.3663128509550653,0.033560441047321435
1.0501998466576261,-1.3687019553431827,0.03542315091801631
1.0498489601766805,-1.3706059502740966,0.03641450983995087
1.050450482249747,-1.3717109656371516,0.041506703452960564
1.0516268037993717,-1.3726859561547677,0.0458311049916275
1.0533682323182114,-1.3733802733600977,0.049517702495592175
1.0557173297097984,-1.373823939454051,0.05243224676500517
1.0584843273910405,-1.3732010936305752,0.05948892461470842
1.061848716701367,-1.37302023471923,0.06584427531322237
1.0655458716430164,-1.372994092116819,0.07144076228053503
1.0696705506623945,-1.3727837110987364,0.07620043577571832
1.0742441888750671,-1.3723648846809953,0.08008484291002614
1.0788913160821494,-1.3718048128291795,0.08339613523606386
1.0834097296226095,-1.3725963566498047,0.08562900551203687
1.0881512219834666,-1.3728062162809684,0.08710015087080869
1.0923036702747668,-1.3707124586582358,0.09039847906588752
1.096754495918211,-1.3676339124288766,0.09250505450403576
1.1016901222554498,-1.3634480795465689,0.09331585773367812
1.1071234780905161,-1.3605702774532356,0.09352143498561592
1.1131969821123942,-1.3576928688721364,0.09278852265990106
1.1195511668928295,-1.3558903071603456,0.09180330750667247
1.125265011491644,-1.353579919714553,0.09462204675219141
1.1312936048948687,-1.3513547464570324,0.09642114245927955
1.1377738597551832,-1.3489956756358643,0.09711257431542067
1.1444104874546006,-1.3461524691244884,0.09637783360280457
1.1511262614873725,-1.342739369812283,0.09438811570763316
1.1575869782040067,-1.3406718024606756,0.09234498025765567
1.1640652865570362,-1.3387489868998317,0.08983964564160167
1.169519997613289,-1.3370937540806163,0.0869403875236555
1.17296219392114,-1.3347536294035602,0.08777981330829318
1.1750320806175485,-1.332404139749647,0.088865376483767
1.177960558358195,-1.3299367454144457,0.09052613439337166
1.1811682619880077,-1.3284929018228273,0.09250060742958564
1.1849317790073737,-1.327769281494718,0.09460476703576373
1.1892007377121363,-1.3276300328730817,0.0985575956697488
1.1933542477481733,-1.3272959846079884,0.10124691831907778
1.1973413472078247,-1.3267508745855756,0.10248730138923064
1.2012984162550695,-1.3259137246592623,0.10232971315835497
1.2056766163786654,-1.3245645858259976,0.10212629750867687
1.2100846178493987,-1.3228977746467931,0.10120876150948742
1.2149967441136866,-1.321243948551494,0.10116927837912726
1.2201259820408983,-1.3197155462475327,0.10068221944623228
1.2251595799849837,-1.3188715935921498,0.10189777480191808
1.2292922522534997,-1.3180976309071535,0.10302068526107862
1.2322597004820812,-1.3175944712020666,0.10371849841654904
1.2349623837983628,-1.317427182730874,0.10425352069505261
1.2374353294252194,-1.3175308644459587,0.10600854596329122
1.2406560185649584,-1.316790656594213,0.10690606577942549
1.2443808236112812,-1.3152631710457994,0.10634146585944888
1.2492972672401614,-1.3140369986689024,0.10561676734260793
1.2553354623758124,-1.3123545706227322,0.10571942368359634
1.2622871510882163,-1.3108216749018804,0.10548442898089239
1.270060197257172,-1.3093114327580366,0.10556866813024351
1.278009943112706,-1.307678475845689,0.10518614237535896
1.28580452175028,-1.306069067157676,0.10478338402898482
1.2930951333706413,-1.3042815737941944,0.10353918054828608
1.2998756593955112,-1.302611742743709,0.10126061226080774
1.3066885647032649,-1.3009777774159734,0.09891058745825616
1.314261336046402,-1.2991482108032302,0.0966976134853488
1.3228527008940445,-1.2973962954836973,0.09392080281401487
1.3320641722913653,-1.2955279761277478,0.09026938309864548
1.34202597617121,-1.2927588642768135,0.08836736480797025
1.3516407146902234,-1.2885488512147316,0.08786844484175096
1.3613388541093299,-1.2840767733512914,0.08731990754090033
1.3718337352943943,-1.2794872279020384,0.08605298836195166
1.3834954924944882,-1.2749247974765028,0.08279210155004814
1.3953357016075636,-1.27049638167272,0.07770920475915218
1.406928906343103,-1.2661666313351532,0.07078792686949557
1.417991949911248,-1.2619526920773945,0.06224613647764901
1.4283105616560445,-1.2577598602515714,0.05359633141616688
1.4378293773406043,-1.2533442531048957,0.04391681026492547
1.4451001852390766,-1.2501313273237835,0.045947450016111585
1.4516289497850574,-1.2465194343919868,0.04570136870825902
1.4572823492970512,-1.242738341448563,0.044329154139566396
1.4618916947802996,-1.2397028838614281,0.04483434800178413
1.4663588163434318,-1.2372455580695152,0.04503368899124809
1.4710304912705834,-1.2350296772426996,0.04311076617561544
1.4760136793357659,-1.2328402189401568,0.04295298305599521
1.481095154443541,-1.230883216527312,0.041654635056517876
1.485295538597983,-1.2290082672379743,0.03868007521757105
1.4882351371246119,-1.2271666019357355,0.03450981876955494
1.4900337499556864,-1.2254787962136824,0.02937360911577524
1.4890596910708669,-1.2248754706186604,0.03336718475695338
1.4872155532332874,-1.2246911157246554,0.03702936728216691
1.4847582668457275,-1.2249675083234577,0.04018218025937312
1.4819920474242878,-1.2255920056455656,0.04258300002335024
1.480170963911874,-1.2260463324618909,0.04262434198086008
1.477514924452905,-1.2268068019266676,0.04140759508201924
1.4752823836211666,-1.2281295167441262,0.04251034482052267
1.4733776366378888,-1.2301648644901086,0.04304412275591163
1.4725347550413934,-1.2328685162032424,0.04553806973506824
1.4725672511048777,-1.2360327624558178,0.047624205641966164
1.4727537619333129,-1.2397060672098223,0.0531078271556145
1.4725853609199513,-1.2433003055141685,0.05819264885657751
1.472016380523116,-1.24684045096752,0.06264423512025238
1.4722293972380833,-1.2500759688668976,0.06547082140617491
1.4716592976475893,-1.2536222407985376,0.06733072489647114
1.469091549400984,-1.2574558158443088,0.07067916772570552
1.465855071381405,-1.2621794387240999,0.07289501488252462
1.4623345559263015,-1.2678760256551802,0.07376754535439627
1.4587974717237886,-1.2737807838038038,0.07343319193093216
1.457840577549323,-1.2793812990239395,0.07212628281724887
1.4570794813481776,-1.2854932155706809,0.06988202811976206
1.4561038722380755,-1.2920680341003759,0.06686659521286575
1.4541092518336947,-1.2980857441771485,0.06836763486485671
1.451818297062948,-1.3041855411127654,0.07017588553656567
1.4497617996820984,-1.3105686716647822,0.07141491077176468
1.4479161339246145,-1.3174347236786472,0.07202308115901682
1.4461542598436539,-1.324649390043304,0.07193128259731646
1.4439679505800092,-1.3319061899500726,0.07352829715240133
1.4422493311150344,-1.3393625001187397,0.07484217530308158
1.4405131427348437,-1.346373395950252,0.07658889783693029
1.4386289740724474,-1.3517765209392691,0.07774805658186926
1.4369147128858994,-1.3556194541570727,0.07973817596304814
1.4350799604126894,-1.3579773096742405,0.08178053367378628
1.4336282974748773,-1.3611799518341365,0.0857297729695686
1.4326134690407366,-1.3646973135716163,0.08849621614682138
1.431753809355557,-1.368894550483862,0.09025876829208046
1.4314097555426362,-1.373509425422491,0.09096036101595478
1.4310986248680304,-1.3781484851282093,0.09042033328584474
1.4311429182414377,-1.383124139487667,0.09043472070596612
1.4311385894135575,-1.3882701026579078,0.08941484268343336
1.4314241733033897,-1.3933316456988794,0.09001563452428601
1.4316483678956735,-1.398136662521247,0.09082122120449289
1.4322577813630724,-1.4026769542682953,0.09329918545588535
1.4328679613175916,-1.4070031179164761,0.09564012045594963
1.433585838342306,-1.4113380759394007,0.0974894402710861
1.4345838674467815,-1.4162984265522873,0.09965308954691718
1.4346143074357938,-1.4223336600266352,0.10207762981459186
1.434271583323381,-1.428993619973261,0.10388305226570142
1.4340290636213862,-1.436153404668024,0.10421518425795412
1.4332657302823226,-1.4439189924641331,0.10327601855207441
1.4322631423373047,-1.4518270045273507,0.10198278280879489
1.431343825770079,-1.4604405518675292,0.10146781911553404
1.4306113181134663,-1.4696781088716298,0.10057751572197521
1.4303705458718385,-1.4793365015951294,0.09987004529452095
1.4303269777431848,-1.4890148733645763,0.09907092356957034
1.4304291769946345,-1.4985637010519643,0.09784016559501564
1.430866325472592,-1.5079645267222905,0.09598755788610305
1.4308459626782617,-1.5170612968852395,0.09484311327299452
1.4307819545193223,-1.5260989557753801,0.09300034912887524
1.4307290845281473,-1.5355287898806587,0.09026032141216406
1.4304710758404802,-1.5458488613507049,0.0879190600607821
1.4298780144707686,-1.5561527545934664,0.08737563334372708
1.4296053296970952,-1.5674329920850554,0.0849833190477032
1.4298383209463459,-1.5785357257040733,0.0818406617719111
1.430285857744806,-1.5894319069122866,0.07741351871686154
1.4303031603627,-1.6001426723835501,0.07375186901265848
1.4299379747319778,-1.6108502014168748,0.07019593203867268
1.4295417311670342,-1.6214510788618752,0.06539769165117723
1.4291395849928608,-1.6317100803272577,0.05852568574833015
1.4286069666226093,-1.6415973627928422,0.05064647921479952
1.4278408155224172,-1.6509391249557392,0.04588742443493965
1.427537521777409,-1.6589415915537244,0.04686724290793319
1.4269390047942252,-1.6666809367841695,0.04727333130885177
1.4256932471811792,-1.6736489583627225,0.046633837946896205
1.4240041942179138,-1.6792678156337524,0.0449245134340492
1.4223261604290882,-1.6844392092176037,0.042859068361724165
1.420761824076,-1.6892037092796082,0.04061579226085717
1.419774617791637,-1.693249935080596,0.037078130098796284
1.4190807855492182,-1.6965965544411687,0.03196072252494683
1.419831253092308,-1.6990305633851803,0.03420787753952346
1.4206962563995045,-1.700533022273981,0.0345345792966159
1.422371119641675,-1.6999346444410617,0.04066127884036134
1.4245259734951892,-1.6985768125466465,0.04660899771282975
1.4271556162775627,-1.6966413853880895,0.05178554729852308
1.430228259817892,-1.6947648975412453,0.05565997152073536
1.4338318020351164,-1.6914619426966342,0.06368343232950222
1.4378661510533688,-1.6885008881874841,0.07082623037579502
1.4425540994557473,-1.6850293552004656,0.07661106820878415
1.4470529041005593,-1.6831187293244538,0.08081752141901273
1.451419250744372,-1.6804351418897774,0.08351965563483069
1.4564491002356057,-1.6774305644604162,0.08551082440652787
1.4608062818235061,-1.6731216518956658,0.0891343149206477
1.466017517145141,-1.6687373814815734,0.09188961275457762
1.47201428747732,-1.6641759694338958,0.09380566820549713
1.478479498005659,-1.659614137045289,0.09513480008503579
1.4847482975414423,-1.6546550190382547,0.09595462292090585
1.4909311056117078,-1.651102860471105,0.09668364494240542
1.496317405607548,-1.6460524630786457,0.0998023427192543
1.5019852519060204,-1.6403922681790388,0.1017564529645082
1.5084108513367398,-1.6343123364671313,0.10210099120227972
1.514867004994905,-1.630530673961663,0.1013637676684094
1.5211902163433564,-1.6264127827251253,0.1006792049088836
1.5271703876862552,-1.623816195732699,0.10029118233701786
1.53343038371278,-1.6214586637443091,0.09894094786313137
1.5397902808698125,-1.619088527154522,0.09665741895229202
1.5458343641479533,-1.6169973701829796,0.09752033667929706
1.5521409078591035,-1.6158030846293387,0.09838674438889687
1.5585104789690538,-1.6143773476383227,0.09853798393151791
1.5650626249871065,-1.6116523295375558,0.10008952736275067
1.5723787518253793,-1.6094005728205016,0.10126180541885675
1.5802145752006214,-1.606953056972404,0.10167259731573733
1.5879170221104795,-1.603354434518853,0.1028056764887238
1.594363790555809,-1.601483973849604,0.10570082596636969
1.600682246857976,-1.599465115067514,0.1074053094528192
1.6060729167706285,-1.598362264128001,0.10865500804191097
1.6098956842909,-1.597567322148029,0.10836481358444497
1.6119342391183809,-1.5973623488394726,0.10663497524713017
1.6144638731614482,-1.5963894437874921,0.10535934630452211
1.616771831388632,-1.5951780104539857,0.10436313456947281
1.6193112813271668,-1.5948836621577576,0.10413743166114935
1.6220311646857106,-1.5946086311756207,0.10343066136416233
1.6249181462071904,-1.5936457374182775,0.10338162518534112
1.6282601350455013,-1.5923010147688135,0.10270417584722717
1.6323557850160495,-1.5907929632689155,0.10159395092838808
1.6368642362246626,-1.5898370115398706,0.10055357270690181
1.6417482558870478,-1.5892849665706892,0.09931203448253047
1.6466460084146846,-1.5889186780753455,0.09723166316021778
1.651500060495807,-1.5882815748211339,0.09410781847188214
1.6559167176186496,-1.5873089181298035,0.09136485763438573
1.6596086465836126,-1.5857005132471378,0.09035075517752043
1.6624693726193747,-1.5838279047766628,0.09098977850390476
1.6646516316665474,-1.5820478241903213,0.09229099176228038
1.6675461186743505,-1.5806630902536762,0.0930626134151324
1.6715300480504223,-1.578623929346073,0.09484560371728293
1.675951634443444,-1.5761705829035142,0.09645789451444253
1.6811515224585465,-1.5735719911949178,0.09855783379802113
1.6873198567357477,-1.5709147354545303,0.10104490914504194
1.6945360088725794,-1.5679778296038505,0.10374702559557454
1.7021998311262683,-1.5649186220798816,0.1059881963826727
1.7120573872817961,-1.561300951453203,0.10695857900044042
1.7217710769269952,-1.5578181944879554,0.10696081847592724
1.7313321214449513,-1.5544455682835463,0.10583771824465568
1.7408381349257405,-1.5512166232952362,0.10337329667654008
1.7501442019888143,-1.5480868012462465,0.09931680837936338
1.7591921457860071,-1.5440323657021737,0.0943289619826828
1.7680178748504283,-1.5396693588855548,0.08750820218652
1.7763942871125054,-1.5349940796730046,0.07791165201291345
1.7844478554331888,-1.5305868221024304,0.06652835511345168
1.793533374552096,-1.5265228405939955,0.061384293658701794
1.802619347140383,-1.5222681787327255,0.05517929710429325
1.8115280674215775,-1.5181881170680047,0.05096397854779052
1.8198637393455186,-1.5140112769828662,0.04704528219651278
1.8273167231654368,-1.510610474576199,0.04745887484226406
1.834420923105413,-1.5080214583764024,0.04619627587368316
1.8408741027320816,-1.5057380496158437,0.043641576021201965
1.8459695691766382,-1.5036375745365256,0.04261504557527209
1.8502054403784725,-1.5013523119716758,0.040674146277003324
1.8536424476688558,-1.4991379321501037,0.0380320670403129
1.8565170471060697,-1.4971974889005524,0.034850701621308475
1.859594751006906,-1.4955249106428212,0.03122514437367868
1.8624090820625299,-1.4952957591062188,0.03374807770183256
1.863915763621589,-1.4962879326845482,0.03983629293850521
1.864697128682979,-1.4980288815592315,0.04425789754829182
1.8650024944618997,-1.5003576278035455,0.0476386468200483
1.865568844591566,-1.503460523971637,0.05048955184004332
1.864624213229732,-1.5073243938597987,0.05822072723015963
1.863573655000446,-1.5119198227143595,0.06519524398116983
1.86218604652017,-1.5171728125316193,0.07119571351423705
1.8627223035789033,-1.5218193410484488,0.07585686736003514
1.8628367223087432,-1.526269316092116,0.07983998228807422
1.8622408387958274,-1.5308161969243466,0.08319063967557859
1.8611129213187552,-1.536148605540929,0.08519194029265094
1.8595557418610946,-1.5420800423099117,0.08597995568015286
1.8553115775683122,-1.547909793896778,0.08910879185940726
1.8506883351230003,-1.5543635976228085,0.09166827520350086
1.8484483073469158,-1.5609034919720803,0.09401167165524243
1.8466039277342794,-1.567992271686562,0.09566330101213213
1.845236037242457,-1.5752151198798652,0.09682567158278302
1.8441647151375482,-1.5825256494518887,0.09716082962147403
1.8416733426687613,-1.5896689579851524,0.09967912405699664
1.839075960151995,-1.5972289456616362,0.10106378693112845
1.8391522914253704,-1.6045540034072756,0.10268038838822524
1.8388227870178568,-1.61194407349386,0.10309710847647549
1.8383701760722078,-1.6189090493457927,0.10242774009356308
1.8379350707155742,-1.6250851453214343,0.10041055381958357
1.8376607934642688,-1.629685840631316,0.0972583117991658
1.836189945975747,-1.6327807850135667,0.0973663218164829
1.8347730141510308,-1.6366225511588042,0.09789148399211434
1.8342206678585926,-1.6406953343617934,0.09852901039676468
1.8340690676436258,-1.6451498087605019,0.10076662340926222
1.8348707599520508,-1.6496495164421254,0.10300338461342713
1.8351846376553809,-1.6540257555849076,0.1052011250084438
1.8353289063130462,-1.6581124552183926,0.10609397534591816
1.8353753096047924,-1.6621393180027535,0.10561313503862654
1.834954558509384,-1.6665049577875917,0.10519343238794793
1.8344146769102776,-1.6712540289929998,0.10365319224287627
1.83363526251335,-1.676771828589089,0.10252019713306997
1.833478959291189,-1.6822920728247421,0.10154723658758597
1.8338128207466573,-1.6878306084568677,0.10218388679427105
1.8341598291756502,-1.6928838171892926,0.10295956725561449
1.8345313726602621,-1.6963258741928247,0.10347292814113752
1.835190686566971,-1.6993693028162131,0.1045792143852192
1.8369636441633472,-1.701797513925505,0.10572738571800135
1.8375321764320653,-1.7047791865133075,0.10696208840141694
1.8379280893119077,-1.707963865008778,0.10815701176820915
1.8384422883616534,-1.7117330938945743,0.10868621650530141
1.8390109119724376,-1.7167999174898294,0.10829499793558814
1.8391271622353556,-1.7233534258088596,0.10769565920835712
1.8391266784239437,-1.7309106162413803,0.10654871724404401
1.839003434364606,-1.73879312016205,0.10460939933047532
1.8388886604532904,-1.7467597264735037,0.10240648845524457
1.8386519646843513,-1.754302841042686,0.09940197287284923
1.838391216205958,-1.761404979091368,0.09670267679297467
1.8376747533034796,-1.7684974276163732,0.0939630678747711
1.836581148296479,-1.7756828065109878,0.0904112635625678
