6.93594035162856e-310,6.93594035162856e-310,0.0
-0.41100000000000003,0.0,0.033000000000000085
-0.41098674995000783,1.2994123974013196e-05,0.03201900000000008
-0.4109489736771439,1.2120098123582955e-05,0.032206111316726294
-0.4108964099102437,1.2322733707418577e-05,0.03240052498308234
-0.41081840772853795,-0.0001550685292590145,0.03254556477511519
-0.4105902464761731,-0.0012883480960030698,0.03324638727448191
-0.41022101472120404,-0.0035677731953512636,0.03414397289596887
-0.41008180149778095,-0.006279187316453778,0.03558939029889187
-0.4095787582944273,-0.00944890359286528,0.03600688133520391
-0.4093054362911355,-0.013579338938312849,0.0368921584708108
-0.4091908603756872,-0.01830757581809872,0.038835918124293295
-0.4090174612118345,-0.023162420376656223,0.03981442004918904
-0.4093968277299508,-0.028692608460839042,0.04328143720251665
-0.40999651172652557,-0.03443054945655592,0.04701626347943063
-0.4106601285858314,-0.03985424392886249,0.04956870005337395
-0.41188070158783335,-0.0456385569579007,0.053156495777124516
-0.41322998722754145,-0.05113855032048666,0.05550025751467032
-0.4148749882743278,-0.05620983873391093,0.05638897483090643
-0.4169233435851386,-0.06208198522723081,0.05872396875682067
-0.419357589912457,-0.06784151202641603,0.06076834236096486
-0.4220815784988455,-0.07323389130978618,0.06256852109122785
-0.424390724382545,-0.0789212115590756,0.06432279432823551
-0.4267053207950667,-0.08471694665727514,0.0656781619903292
-0.4283890120693157,-0.0908032274514054,0.06597249945297909
-0.4291738625537906,-0.09730833328804095,0.06593985907652904
-0.42967043841061525,-0.1039524554741256,0.06647977568235144
-0.43011164184773254,-0.110589794023358,0.06688553302140478
-0.4298296130177566,-0.11644760028193972,0.06588698414322422
-0.42917093354719527,-0.1220055280016468,0.0634456586515404
-0.42860516588759495,-0.127451857152354,0.060386859317663855
-0.4289026136951909,-0.13296407552190312,0.05754598421982762
-0.4292950805907366,-0.13859741465327116,0.05416603242631634
-0.42994501390314593,-0.1443992972565306,0.04987329958920598
-0.43104607849427923,-0.14925919213183178,0.04482552126842276
-0.43223269653646335,-0.15160899605778277,0.044158943516089275
-0.4340888183821927,-0.1533256472033242,0.04253864709614749
-0.43654058394403256,-0.15441602097997448,0.04012534933971397
-0.4378243043873508,-0.1544281137281491,0.041196840566321974
-0.43840720705881875,-0.1540703784135685,0.04186657579997422
-0.43887766087191027,-0.1535788695332058,0.04107457059453838
-0.43843673849042913,-0.15323176053262938,0.039724676063157646
-0.43766628174435623,-0.15191144983888075,0.04022368431618854
-0.4369302586830643,-0.15024254875153495,0.04124672660686175
-0.43594734490898945,-0.1487277759010378,0.041177853538132005
-0.4352163358591446,-0.14636935164895082,0.042948778803918425
-0.43478356955503594,-0.14344070152382984,0.04491742859883865
-0.43490931784836157,-0.14007671738703062,0.04779264094781116
-0.4354852839525548,-0.1364595198208667,0.04927674685472879
-0.4359086873808587,-0.1319298433066373,0.05216189726674387
-0.43621013139564185,-0.1274721197251057,0.054141730915465654
-0.43705147567744146,-0.12292442762539406,0.055730274015567446
-0.4378530339789273,-0.11791866572947385,0.0562819412461293
-0.43867437385935504,-0.11248208763288621,0.05582290305494186
-0.44010348125668586,-0.10698774678750145,0.05530961417804896
-0.44137911634075955,-0.10132563220569316,0.053890962230024014
-0.4425153268043804,-0.09587975593077674,0.05494759625260366
-0.4432501433312972,-0.09018476922714047,0.05507704685802524
-0.4438352013395562,-0.08370927335891389,0.056498680952473915
-0.44407527224393417,-0.07624087838372376,0.0572667332709067
-0.4436338641307543,-0.06727073658371067,0.05999239295691162
-0.44286918151384347,-0.056738550490071024,0.06208398946179409
-0.4407179133954251,-0.04627691924929782,0.060176890326178574
-0.4388721805333461,-0.03748594150354631,0.0564181070236642
-0.43876799945959516,-0.03137094337146953,0.056388229515316544
-0.43919293328805864,-0.02665435255983155,0.05584965016773631
-0.4397992793329121,-0.023082330782155824,0.05516244422349931
-0.4402121637520429,-0.019911265373529777,0.054104295793153706
-0.4401265137405897,-0.016897552290377923,0.05316260905996512
-0.4400654005420384,-0.014049856350815253,0.05224391102494118
-0.43998857144382747,-0.011133946323354835,0.05120712729255227
-0.4398457970997795,-0.00830038822745058,0.04895841885215091
-0.4396246216798203,-0.0049544140547611824,0.04742554735382705
-0.43922497624812384,-0.0014040886429967491,0.04553009096157899
-0.4390688366462859,0.002419422716242488,0.042868440758017004
-0.43868574903509,0.006009630662645999,0.040366183774404193
-0.43863825815365587,0.010236612468409078,0.03729253498326052
-0.43861941052515835,0.014270383192361347,0.034550762742274595
-0.43858671573297614,0.01850103583052058,0.030372082867268533
-0.4383298980788774,0.019546407529715107,0.030927720651122363
-0.43794937983252125,0.019798348997860975,0.03165381443791378
-0.4375190693305797,0.019618515651298817,0.0321538590416582
-0.43719735734735893,0.019150046387954804,0.03258272469440053
-0.4367001262773103,0.018241974825339527,0.03287599574011382
-0.43613888304240367,0.01695994676830244,0.033221684908115244
-0.4354452096743492,0.01545959002190388,0.03356077025620927
-0.4348311965939168,0.013903363645669197,0.033874198421270554
-0.4341642465037578,0.011790380007809992,0.033836153784495275
-0.4339483955535453,0.010267075512623644,0.03427839646146323
-0.43419743657005516,0.008785844385414172,0.03331915967693468
-0.4346747756580144,0.008056344453425207,0.03330244530011611
-0.4358814082578978,0.008200657893734455,0.033723283592854064
-0.4375734252963707,0.009251901467726338,0.03443680670066558
-0.4398767004898521,0.011551549306501355,0.03442725168348473
-0.4420361722074593,0.015000890290182547,0.03367457331216124
-0.44334403517616416,0.017281909187081033,0.03467254623292364
-0.4442099497975301,0.020106020900823886,0.0343700313433703
-0.44471296469697175,0.023169484932012513,0.03350222401711854
-0.4450484488486236,0.024947378892622614,0.03455627208461824
-0.44508746031936514,0.027085844568196293,0.034739723680795344
-0.4452952276734706,0.029279830322956297,0.034300924137507904
-0.44594211677355927,0.031449083629607306,0.03344167085801284
-0.44693413192417475,0.03391683841045615,0.03662132312984327
-0.4481803328566754,0.03665744107354458,0.04063826615259014
-0.4495460290744738,0.03957514505976679,0.04377757005735366
-0.4512936749391922,0.04258906206295949,0.04605327491441731
-0.45269747909519376,0.04568530224758176,0.048385251929737555
-0.4534854538775077,0.05015169094077721,0.050814035337990955
-0.4535989401578574,0.05566613432485643,0.054264886546827935
-0.45325426442823663,0.06219889365843677,0.057647295660542615
-0.45284863803694675,0.0694384074761732,0.06139168778655115
-0.4525069719277706,0.07742586699292578,0.06499007713996802
-0.4521700567792206,0.08608945388188592,0.0680927365660913
-0.45209172272863785,0.09546846363580927,0.0718037440978293
-0.4521616131237288,0.10567363577781268,0.07443845358390416
-0.452401285505036,0.11661229041136588,0.07989007959202492
-0.4525213834669542,0.12725098320171296,0.08556962442758802
-0.45306679292572327,0.13799811097168185,0.09106823904291757
-0.45407371713156414,0.14874430414507106,0.09578071763234344
-0.4555222390511135,0.15945267155440498,0.0994532033443155
-0.45730491856086664,0.16988727084877595,0.10163779364220707
-0.4591989849281561,0.17964029783995392,0.10173323790383895
-0.46080921326411284,0.18848687910582773,0.0996257771428251
-0.46252363578408273,0.1968705097253018,0.09723444622844793
-0.46439088642393006,0.20480374399475829,0.09396456841661119
-0.4661548297682994,0.2124031555697458,0.08940631713457163
-0.46758916423674607,0.22049988805865275,0.08567996647069363
-0.46701860717660937,0.228471920853551,0.08417494646397662
-0.4666878529754085,0.23706914814755387,0.08227806882093053
-0.466472722914633,0.24604445736389818,0.07974969494160361
-0.46644989762603706,0.2551824618377331,0.07651528321943786
-0.4664536098741694,0.2642872445589599,0.0723794365850424
-0.46676665399582096,0.27256699486158775,0.06684790955363909
-0.46759234027469765,0.2799460535174795,0.06000845819318179
-0.46783020817488125,0.2855016792897053,0.05575592970987736
-0.46803798516194683,0.2892204813817262,0.0525695147617799
-0.46822464913376843,0.2915152356806274,0.04959626270290737
-0.4683258474480442,0.29226987566937485,0.0457321844278052
-0.468452722712232,0.29240831121463184,0.043063016350884054
-0.4679021177589732,0.29140076160454775,0.03980609636227308
-0.46651214438283894,0.2895720062449788,0.03572258057870051
-0.46557736390259974,0.2875579238397664,0.03324629992002622
-0.46512218367100705,0.2860869758982476,0.03410939650757166
-0.4643551133323548,0.2844923433319144,0.03329288538536272
-0.4644860182583486,0.28266700973419656,0.03510927922467421
-0.46549247205407823,0.2818246406719564,0.03509224695798095
-0.4669429857206792,0.2808609396206404,0.03605246479032762
-0.4689829376896153,0.28097227964324767,0.03550580423400415
-0.4711597086925478,0.2815424415116749,0.03326864620685166
-0.4729373805090245,0.2805850531561707,0.033651661024068164
-0.4743872450611686,0.27919260870937834,0.033545362672184
-0.47518930051233266,0.2772418268814588,0.0330325791728526
-0.47525636858894665,0.2752523996168319,0.032727776057230984
-0.4748182151506451,0.27323211703450473,0.03250155266533548
-0.4743366732248389,0.2709664689889007,0.03269964105399384
-0.4734244933083215,0.26837891503683015,0.0333130817758444
-0.47230785447541107,0.26489669748134276,0.03284574948057236
-0.47104727795817036,0.2608012679879155,0.0312216028084523
-0.47036828908120065,0.25831772238103357,0.03201885689025745
-0.4698081923599302,0.2559546848008593,0.032915577803067364
-0.4692839860258739,0.25388523957263476,0.033823582653728895
-0.46911056550791597,0.2526055133312262,0.03383996521217321
-0.4692598692600917,0.2533697395847043,0.035210939693165896
-0.470097597318317,0.25398762871772207,0.03642216043732729
-0.4705203963460074,0.2557747930075801,0.03981176617968561
-0.47082816661662213,0.25786970111890395,0.04306761197860606
-0.47105484382586515,0.2602145111818314,0.04495373822951085
-0.4709419235114212,0.2624577358799618,0.048007130505358556
-0.47060276984828686,0.2647297964011756,0.05141913633627053
-0.4695671806347163,0.2670169367729276,0.05372410310606997
-0.4695175743606133,0.2695826014297273,0.05852932157584921
-0.4699066631245425,0.2722465433107704,0.06372481359165301
-0.4709918066782006,0.27465927835019494,0.06836537933430613
-0.4727756683382042,0.2770148442177505,0.0720084780354901
-0.47500870217425273,0.2807595250080775,0.07703821081855171
-0.47749755128942717,0.2856845538805596,0.08214343054585169
-0.47990664328535,0.2910059639710897,0.08633923458444195
-0.4823036574592775,0.29685850714848244,0.08957041951289708
-0.4834844702919765,0.303067982255871,0.09510901842156935
-0.4845306227355656,0.30967927341356954,0.10033397486797453
-0.48551668940463466,0.31652580272357567,0.10444764580513487
-0.48633278931679325,0.3234366058052061,0.1074828389470198
-0.4869382602459859,0.3302561720363581,0.10953425409965657
-0.48725682761273953,0.33697214977718193,0.11066135344523703
-0.48734716601376216,0.3439490616363053,0.11089272290627378
-0.48704279308680637,0.3518265206889073,0.11251499652246634
-0.4879539240778351,0.3609634687228818,0.11646709281721603
-0.48896374092012707,0.37104052060930565,0.12032540562820206
-0.4903030982226663,0.38150641801721974,0.12152671925535632
-0.4916341462649708,0.3917550227711771,0.12196328829806585
-0.4934863269762149,0.4016758809277084,0.12028502277675793
-0.4956955602761133,0.41108652236988985,0.11648875831683451
-0.498264012667627,0.4199609518885502,0.11108514755755175
-0.4990084474738028,0.4278761438350654,0.10656818266943516
-0.5001270921052153,0.4352491365636533,0.10216666194188578
-0.5007966482817976,0.4417443314151414,0.09686903721457782
-0.5012407873530427,0.44756248439609214,0.09070285993077296
-0.5018211321369614,0.4532155163693181,0.08419247379897567
-0.5020929965642127,0.45831650947594116,0.07694171610919309
-0.5018481056932754,0.46323440679351335,0.06882807351227054
-0.5009217499174924,0.4677343218203106,0.06338807842274519
-0.5007215368683542,0.4727368502043873,0.0583687477013119
-0.5007873161534859,0.4776048607905235,0.054255615274047486
-0.5011539125360014,0.48275455841717674,0.05009537307416266
-0.5015234932360443,0.48773140227806494,0.04480984833677586
-0.501796444379268,0.49129142259297853,0.03918548197313346
-0.502373579543989,0.493959756442023,0.034268518248965256
-0.5028864814505964,0.4956165932344819,0.028949838625139616
-0.5030897106069947,0.4954850167212893,0.029555640988311684
-0.5030086412473171,0.4945831087368287,0.030290477357252175
-0.5028597713337611,0.4930667903815448,0.030958448097777005
-0.5025084882727637,0.49107007410390907,0.03167398636472512
-0.5020988786862933,0.4887652384296965,0.03237929697513101
-0.5018433272700495,0.4863220172261836,0.03293204797871278
-0.5017865847268774,0.4839468533159651,0.03334080344722723
-0.5019930193757703,0.4815807387425448,0.033884287431164235
-0.5023634648105788,0.4799323912124698,0.03454955869707145
-0.5032975503031395,0.47964287805269595,0.03475841607522282
-0.504635416881197,0.48060630792919334,0.03453993500848681
-0.5062112383419629,0.48216320311119254,0.03437427455894734
-0.5071571399672057,0.48472308804663994,0.033683767288368804
-0.5076197427440435,0.4867271466061036,0.03433925313030282
-0.5076951495479191,0.48900812748951533,0.03474536286917401
-0.5074634467857585,0.49138083607847266,0.03488128515089315
-0.5069472034475099,0.4936972237130491,0.03485885025399678
-0.5063116118358439,0.49601544313547863,0.03448174339888674
-0.5062401950991727,0.4994064298635766,0.038043619287669146
-0.5065846847388318,0.5028743512139151,0.04209988586580874
-0.5071520000614953,0.5062821138407286,0.044936829846573476
-0.5072329059910535,0.5092009013891217,0.04704929190336836
-0.507371941830125,0.511970568457286,0.04981158904138243
-0.5076088405734684,0.5150256624718667,0.05272607529056835
-0.5071127436245532,0.5184902483230404,0.05557944572761809
-0.5054275534763704,0.5237896924302703,0.05784287864994498
-0.5033852446293727,0.5305398956786133,0.060589181741280404
-0.5013053561124635,0.5384662128398366,0.06271313042756697
-0.4993665969452812,0.5472921947902003,0.06420870655089188
-0.4975669335267123,0.5570090470912722,0.06616111488091439
-0.4957401323820424,0.5675960009081674,0.06671172691721798
-0.4942458773447245,0.5781138064519862,0.06963923754609032
-0.49308075111941474,0.5888665531831458,0.07284979340879713
-0.4922983747891335,0.5998037718349775,0.07598123593278014
-0.49207799729922397,0.6105634763853733,0.07846932166788577
-0.4925318506091344,0.6212781365640958,0.08038547469279378
-0.4931960118280374,0.6311796899532823,0.08233781246094753
-0.4946442483299407,0.6400042272851253,0.08321479712617066
-0.49647665332243207,0.6476581078979805,0.08280647140898216
-0.4984690314132695,0.6542024117507831,0.08125190648010516
-0.5003838158329209,0.6598632530500191,0.07806836719276139
-0.5024145611703823,0.6654934279593626,0.07410103615520817
-0.5040317407110998,0.6709927633472568,0.06902020816193093
-0.505257568810181,0.6766109227478736,0.06280049535030155
-0.5052685691097447,0.6829820674260796,0.05801672287767711
-0.5049903439936227,0.6897872895632593,0.05260874587653305
-0.5047368550073734,0.6969612033872663,0.04659684994247493
-0.5039818639578455,0.7033671324700875,0.04590177253240509
-0.5033161642909667,0.7096678951676091,0.04564647718433325
-0.5027797352455154,0.7158682181633578,0.045389264918120516
-0.5025230252366374,0.7214698923711793,0.04399692467450993
-0.5030997458215246,0.7260664157104652,0.04098984622408556
-0.5032657220178826,0.729703483381657,0.03863230279214272
-0.5034013290504775,0.7316662198538649,0.036289229488409236
-0.5036658161691864,0.7326063073538296,0.03521661181840444
-0.5039924493584003,0.732504788193804,0.03446353109118094
-0.5040772792697723,0.7311865909387149,0.03282806152422557
-0.5037779745868363,0.7295900440826635,0.03330706519539507
-0.5030567429115268,0.7273718327277832,0.03394752095246185
-0.5020501401915676,0.7243052429421074,0.03359147362970341
-0.5008854677360244,0.7205078465484513,0.03213730524146073
-0.5004320012962319,0.7175211847965905,0.033626446962816324
-0.5003450678493419,0.7143411090287566,0.033914466878141675
-0.5008151313428582,0.7109220478021168,0.03254305666419568
-0.501766277756237,0.7087040924633047,0.03347228459066986
-0.5034890898466194,0.7064998451953542,0.03390436380182075
-0.5054454924312209,0.7048827557810909,0.03283188905581945
-0.5070911414009933,0.703641495865219,0.033617239488566916
-0.5086452222291488,0.7023614063061464,0.03325992570112685
-0.5096085654032126,0.7005929857502676,0.03210575922634276
-0.5099996271381982,0.6991346474919218,0.0320411380955216
-0.5099676280436032,0.6976486248626429,0.03220025139062018
-0.5096820725533248,0.6960343544871465,0.032322823143585526
-0.509093241236087,0.6942435786612287,0.03236783293761985
-0.5084461274165128,0.6920570839220159,0.03307881826767112
-0.507652430307854,0.6892516550975691,0.03240581733259379
-0.5071967967171078,0.6875104186778601,0.0327863599113134
-0.5065912411498522,0.6854529357340621,0.031385111812242704
-0.5064307464071375,0.6845546909192609,0.031983586456939675
-0.5066730844939769,0.6840950228273126,0.03260272167960493
-0.5073478402511162,0.6848707417451663,0.034907038598491695
-0.5083245154021622,0.6856836345906576,0.03682882496908532
-0.5093245216442612,0.6875273628132281,0.03988684303151568
-0.5105524041265214,0.6898599996538884,0.043227408647159925
-0.5117139744181024,0.6924932583178732,0.04533698134891779
-0.5122512676295065,0.6951671598400535,0.04920938519537503
-0.5124996368300989,0.69796699443372,0.053372502445117535
-0.5125579404173122,0.7010775268407041,0.05810092182278163
-0.5124848518610625,0.705131288875976,0.06155422904194107
-0.5128720375251838,0.710130167526057,0.06695509152310082
-0.5137268669745217,0.7159917009486367,0.07230802328689385
-0.5151835300247521,0.7224930085653909,0.07798736016697838
-0.5173220384188434,0.7291506946058276,0.08223905974871204
-0.5196576795439963,0.7359411391410651,0.08704739167435555
-0.5219472692946027,0.7420011636521353,0.09098355777657424
-0.5241541219470635,0.7486450319863955,0.09388369987427303
-0.5252147723719526,0.7556221927274979,0.09803796838842166
-0.5260747458672851,0.762779291478834,0.10119060553577222
-0.5266848276731319,0.7699772082561083,0.10340593659840716
-0.5270809023374003,0.7771386127277795,0.1047627012695872
-0.5273332839097816,0.7842212597923861,0.10534061313416321
-0.527434124086722,0.7912237002188313,0.10513699363433153
-0.5276277384065383,0.7982469006249446,0.10408318201678944
-0.5291652801569675,0.806839037301168,0.10679796806264003
-0.5308314562269415,0.8161836023939462,0.10979653923251892
-0.5325315865625574,0.8263931556061183,0.11255435994419494
-0.5339882076223862,0.8371409775620595,0.11300483096840751
-0.5356667719095866,0.8476671876759952,0.11129244961235328
-0.5375000319840334,0.8576666646929201,0.1074770035472407
-0.5394810345263163,0.8668493520729077,0.10171681226136144
-0.5404525962812511,0.8752480181165827,0.09591822438963091
-0.541177230623346,0.8829367188821233,0.08868070065688323
-0.5425670491895724,0.8901738942618761,0.08197302709663773
-0.5432816784742811,0.8965341519150308,0.07424615965869885
-0.5427468557292099,0.9023581017973287,0.06549481103007088
-0.5417770732038238,0.9074583477739894,0.055604864086328185
-0.5403859892839536,0.9117051551084716,0.04608911748399237
-0.5389491838599515,0.9172070132249369,0.04306964603898988
-0.538075164383064,0.9229956539073,0.03973786875903321
-0.5378895864536988,0.928820168675875,0.035572257544677174
-0.5383373089705614,0.9350771812379405,0.030571002971685614
-0.5387875877309424,0.9385954442453665,0.033354064677024904
-0.5393404917667354,0.9417734777143121,0.03600188187714452
-0.5398989187417822,0.9439177667970775,0.037833075761422544
-0.5405020710437982,0.945132193029096,0.03880348535565461
-0.5415721208866057,0.9456480812796422,0.039342185081288596
-0.5426752102436211,0.945121648813235,0.038641662614241526
-0.5436473346005924,0.9437011098785802,0.036717810474342596
-0.5445846916569386,0.9416184849412061,0.033458093440528275
-0.5452061095941061,0.9390957614755431,0.028855989828818027
-0.5454435390400306,0.9370919271019064,0.029913907661386772
-0.5457340918532739,0.9352540636900394,0.03117846735604126
-0.546056776258398,0.9332932133555594,0.03239076789765414
-0.5467688347832296,0.9314000868271715,0.03318187460138691
-0.5477453400754068,0.929885292610437,0.03433913234584217
-0.5489449640840678,0.9296959515793858,0.03519083864262235
-0.5502461568226901,0.9302024337696122,0.03604747564746234
-0.5512995622373916,0.9312514368903785,0.037093736612729945
-0.551673318145881,0.933110296805851,0.037528245073954115
-0.5515743121868752,0.9354983610379285,0.03750573760384255
-0.5511092944012443,0.9381482241371035,0.037118885145361574
-0.5503930466768365,0.9408478595192866,0.036571644981186716
-0.5495608085392398,0.9435921226419192,0.03582832056588857
-0.5490642953051715,0.9471360584138702,0.03958484161328717
-0.5491030269955296,0.9508579617784297,0.043764017441689784
-0.5494387228328712,0.9547269811843021,0.04724533919283508
-0.5495064899142346,0.9580841883851742,0.050235011274004295
-0.5495863817562805,0.9605375731947399,0.05202134381150385
-0.549908929430066,0.962999793177228,0.05474966481225701
-0.5503932654225587,0.9657617243185461,0.05773496613328795
-0.5503021525486673,0.9689379145149761,0.06068353510459845
-0.5495918462808694,0.9739387094239316,0.06294279091525645
-0.5486250372526585,0.9803360128049858,0.06522944850617984
-0.5475473574651775,0.9877906381346838,0.06693973382642962
-0.5463354333209103,0.996356802280146,0.06854349147405311
-0.544687194242083,1.0060175077821836,0.06876311505525375
-0.5425736490754051,1.0167332892837642,0.0673755599748235
-0.5405475887419766,1.0273527565240124,0.06861910833157767
-0.5386883104132967,1.038407041951292,0.06988426639403778
-0.5372449647780366,1.0497987744657402,0.07088758190279006
-0.5363371689600555,1.0612953241759082,0.07112537603545174
-0.5359268552879715,1.0729764266875323,0.07053920476304894
-0.5355360778457969,1.0828304288247883,0.06907031933012453
-0.535788515257425,1.091227068202196,0.06662358753544712
-0.536602495248179,1.098330279472906,0.06305773772546688
-0.5378370147058004,1.1041871930150797,0.05850456673918592
-0.5394670777398515,1.1088596606298589,0.05330556426865411
-0.5405123394885627,1.112851444936757,0.0470282818817557
-0.5402782887671452,1.1167282535684153,0.04115819460026632
-0.5397707569171666,1.12111794881213,0.04176759452819469
-0.5388954234807752,1.126110943539191,0.04225475786228713
-0.537541719528791,1.1316282201057926,0.04318070177090137
-0.5362049694648733,1.13800931006056,0.042939421360151143
-0.5347960710667905,1.1438425305337323,0.04443449445640812
-0.5335126628364348,1.1500075482980114,0.04487297249615717
-0.5330756453009045,1.1557963899241175,0.04309759230841521
-0.5325940489843812,1.1603250370094558,0.0434133012332465
-0.5326275877005953,1.164194761831595,0.04322235526604916
-0.5328570642867326,1.167213669460356,0.04189338464533504
-0.5331416863855033,1.168389404951274,0.03958611239497096
-0.5333491603959609,1.1686750157691463,0.03826008856101875
-0.5335962807148927,1.1679701909730185,0.037061460313328395
-0.5337012231710722,1.1659908349669632,0.03490590635828168
-0.5335384341210587,1.1639933449192053,0.0345361541377966
-0.5328559669514876,1.1608203260607064,0.03271724136052249
-0.5322442633410391,1.1582503415038157,0.033696873488899506
-0.5315134986741568,1.1549190061730943,0.03343931892132139
-0.5310881585375978,1.151713050877494,0.03366477805716986
-0.531198172511182,1.1482150830649265,0.03328391714245324
-0.532066721277879,1.1447105770149015,0.03230043954134974
-0.5331693261888057,1.1426375190709175,0.03374185025141912
-0.5349110236584661,1.1406402311851116,0.03479746393274997
-0.5368815861295758,1.1384684534467508,0.034902210324324334
-0.539292722989448,1.136114739574624,0.0342790232947241
-0.5413525844097167,1.1339279360358558,0.03265473124864815
-0.5426779565512209,1.1314611774013283,0.030188043397793712
-0.54315503102358,1.1302040311009276,0.03070260403067856
-0.5432081951363439,1.1288914035784177,0.03110566921954091
-0.5430058374802528,1.1274576772244946,0.03146902439384723
-0.5423990704952654,1.1259411160326294,0.03224384351371276
-0.5418637356672134,1.1240938252108201,0.03321263271243944
-0.5412603552048901,1.1215583902148556,0.03298523372132435
-0.5405530533132008,1.1185410263090454,0.031483349903872394
-0.5403535537910893,1.117550979776081,0.032114453839928433
-0.540401393114403,1.1176176613348225,0.03331596092294709
-0.5407128266951011,1.118674173877399,0.03467223131223723
-0.541320089124097,1.120279317669783,0.034950207689558796
-0.5418299551120892,1.122599648827973,0.03755392153087213
-0.542770864807126,1.1254073751606775,0.041051117231171344
-0.5434204616136481,1.1286512555219046,0.04533626112733653
-0.5439760266393845,1.1321843645448266,0.048484314315130936
-0.5442230630901043,1.1360340229116002,0.052450011725772544
-0.5443662170911064,1.140246040537265,0.056537402418780455
-0.5442435435912719,1.1454624265322046,0.06098338211189564
-0.5440096502897136,1.1519823167119385,0.06546609313950655
-0.5436581246798887,1.1597406223285345,0.06840247266859245
-0.5436827780615927,1.1684637346100724,0.07250928066734537
-0.5443693876423351,1.1777172886704212,0.07673449384214952
-0.5456251951964783,1.1868695574823118,0.07973200493055686
-0.5472506764274273,1.1956593376067892,0.08156427831756262
-0.5484022454021467,1.2044558882242176,0.08453431346030243
-0.54947149691507,1.2140569311143568,0.08602959520476226
-0.5496364306403173,1.2239848661176895,0.08732448787679865
-0.5506094357615149,1.2349221566648194,0.08776338776029845
-0.5514229436466099,1.2460247438686742,0.08706206166217642
-0.5520211857620206,1.2571872067666563,0.0852711849922244
-0.5524331276170703,1.268385051421105,0.0824465574059906
-0.5525250747092514,1.2798947898029776,0.0781657825688303
-0.551514551228906,1.290874261678489,0.07651411489602244
-0.5502304620936431,1.3022649129236894,0.07409072131391685
-0.5486810046830498,1.313981434265014,0.07069160830422283
-0.5469227637946027,1.32586062990638,0.06631468527164401
-0.5452351824209183,1.33625263006215,0.060090131232848995
-0.5448508868823406,1.3428873799645658,0.059564066745230244
-0.5449842058901542,1.348165719399936,0.058552079938107196
-0.5454536530499544,1.3525018127569644,0.05700407492118964
-0.5459562070483209,1.3558428688837765,0.055640699501749415
-0.5460932924088037,1.3589380861314715,0.05396088182713286
-0.5458801810856193,1.361656857473158,0.05219004403681001
-0.544919046387735,1.3639095269496864,0.04952635815254058
-0.5427007121828645,1.3659583449187627,0.04770025396349294
-0.540057006038007,1.367927153270714,0.04519261101318073
-0.5377516072523747,1.370784506753712,0.04496580970242971
-0.5354350943331758,1.3734951499768944,0.0437755879885544
-0.5334090184990651,1.3767626117469873,0.04173596304836483
-0.5321372951263225,1.380582836683382,0.03821531999276393
-0.5308135616209226,1.3844592999127958,0.03541137862097109
-0.529681153629035,1.3883952993149211,0.03250397636667667
-0.5292338972809838,1.3904722920490102,0.03470093544585321
-0.5291024421566156,1.3913726829427064,0.03560872450557348
-0.5292823105556821,1.391215684757878,0.035187162149914
-0.5297025794667477,1.3901174422922928,0.03355681765714358
-0.5302259633293928,1.3884600961501763,0.032953717039558884
-0.5307643066794349,1.3863419917377993,0.03233914041118072
-0.5313030944799187,1.3843337858007612,0.0327136275624666
-0.53166174718714,1.3822069946188313,0.032978113761909955
-0.5320664454764145,1.3797851249949156,0.03345038677575055
-0.5325447723057936,1.3773209437662275,0.03394381123991586
-0.5332426014457413,1.3753888594550503,0.03485321932330342
-0.5345193930747495,1.373230785140982,0.03426306338764755
-0.5359458984371771,1.3714540261986892,0.03442925569176744
-0.5370132462337709,1.3704151058403282,0.03462300032669353
-0.5379340349262344,1.3699257074404103,0.03460435479377119
-0.5387322877921975,1.3696979709335029,0.03468473603538372
-0.5388583671222548,1.3702872870529612,0.03458256877733747
-0.5384888971560217,1.3714191003581178,0.034238597891983275
-0.5376715354863718,1.3726669342409008,0.03349034468629136
-0.5365904223851811,1.3739417905781424,0.032463467032563365
-0.5359357035799672,1.37470491419433,0.03306948305997684
-0.5353836209940673,1.3770832817782959,0.03724733290881006
-0.5350772309343214,1.379706385275035,0.04163182921946554
-0.5350157935144886,1.3824053035534691,0.046037463376309276
-0.5350608021086882,1.3853525554906068,0.049355485745967875
-0.5354296184628761,1.388254188115267,0.05098600492975491
-0.5365887768399688,1.3913296533479018,0.0545530199473336
-0.5377104482624251,1.3945877986087998,0.05967297087570091
-0.5386924608727633,1.3979128329819897,0.06478989514572243
-0.5388889867514537,1.402943933479,0.0693562106618668
-0.538454586459606,1.4091454042805729,0.07317653456681862
-0.5373789033274079,1.4165469318034194,0.07594852926246068
-0.5358565887068736,1.4250179486220098,0.07758068898806068
-0.5337411667555229,1.4345082460429144,0.07782837983364344
-0.531299021498675,1.444991830837101,0.07781975898977997
-0.5286943259020656,1.4562516747691276,0.07598884867410947
-0.5262404494178129,1.466848191755508,0.07734841178939798
-0.5240968206868857,1.477511301323011,0.0782346118951486
-0.5220562549546119,1.4885940554927717,0.07791117808685115
-0.5203340691877173,1.4999789134838253,0.07666785247799228
-0.5191373791599287,1.5101733338747931,0.07331421176196601
-0.5184034800347915,1.5185031985128736,0.07038223845661863
-0.5184335771379803,1.5254199996744604,0.066619962503479
-0.5190579271413921,1.5312176927886803,0.06162193855022321
-0.519902903746859,1.5359053268806864,0.05511993456225452
-0.5203162698682803,1.5403274410094416,0.05166292484172525
-0.5204006937027851,1.5440952824412382,0.04713055861209253
-0.5205483334876169,1.5477683311570174,0.043285236339794725
-0.5203836056312182,1.5514397607547523,0.04095142597432389
-0.51968948799932,1.5548690641705056,0.03904100053394473
-0.5190496485966886,1.5591794365086058,0.03592636538455324
-0.5184041044472633,1.563290713501866,0.036803556493209336
-0.5176855414161704,1.5686481644461585,0.03663557793200698
-0.5170156658930902,1.5740367154357673,0.037889223214715356
-0.5168699664878261,1.579111194358873,0.0372939805208147
-0.5168954772368537,1.5833433795158716,0.037205596664886265
-0.5172258602174442,1.5866938453283297,0.03574742774820142
-0.5176947690233785,1.5881220170199835,0.033375364326557286
-0.5179738602772829,1.5886695394573342,0.03309814742602496
-0.5182648692447753,1.5879853941822923,0.033366927694058454
-0.5184725961030098,1.5864744793397527,0.033915085882226
-0.518104459473436,1.5838561093500596,0.033475091621702494
-0.5180237960636648,1.5812311967843615,0.034585886755972114
-0.5177751950940526,1.5781414190752967,0.035218268418629975
-0.5174189628787108,1.5743090008053209,0.03464897726925208
-0.5171514611570273,1.5699789834864706,0.03286579839877337
-0.5177469600926373,1.5663968980946572,0.03168574911314436
-0.518415033426741,1.564258353530933,0.032426843289343046
-0.5191595080201312,1.5625794381120848,0.033567941788928475
-0.5205090875009487,1.5610255711063734,0.03423768005214055
-0.5220938065218289,1.5593838102459774,0.03367168922505537
-0.5240251489497305,1.5576994558776238,0.03206529207346005
-0.525000539376193,1.5563525744286069,0.032118435366889554
-0.5253616787308221,1.554995487226057,0.03236858902932596
-0.525357623059451,1.5536211673089741,0.032718520271655865
-0.5251307078140066,1.5522358529885567,0.03305794649655786
-0.5246865864168397,1.5507478619034918,0.033552225087636896
-0.5238128350732543,1.5487111311660091,0.032553103739048704
-0.523442015242266,1.547068194336946,0.033295367033491154
-0.5233201786127086,1.5455412036706144,0.034117456398203495
-0.5233054447435708,1.5438375460703806,0.03327620085333656
-0.5234201279861082,1.542172578206312,0.03090427359039685
-0.5235632937295134,1.542398774761104,0.03205839979871805
-0.5237669929403634,1.54453723365857,0.034793855457220774
-0.524182988234899,1.5470965648757018,0.0367861293667485
-0.5246857756204929,1.5502737166228695,0.04008942581636735
-0.5254409293711799,1.5537750817281428,0.042424962330324945
-0.5254634580864819,1.557544923850871,0.04672849029169253
-0.5254743353806027,1.5615652944073304,0.0511943290320222
-0.5252234555222869,1.566127216972203,0.055677065486373314
-0.5247096140910501,1.5716539898998614,0.06005010310819905
-0.5237523511242266,1.5784308103066715,0.06301730683191498
-0.5227666415636982,1.5870026163171578,0.06736745690129012
-0.5216103807037118,1.5968041553548016,0.07106580082382669
-0.5208847045919872,1.607013585834603,0.07350159214448569
-0.5208934594873592,1.6171870339365444,0.07527673705479057
-0.5214838484444464,1.6270762210293503,0.07615866621972388
-0.5213722447606555,1.6361813289495395,0.07844520918443654
-0.5216313844684831,1.6456505908244785,0.08214363360620605
-0.5218976430365492,1.6559832385957283,0.08438860127774592
-0.5218970758872525,1.6666099238155836,0.08520398911089974
-0.5215876809869345,1.6773289146673176,0.08481824376409217
-0.5213587968967197,1.6888071897872587,0.08318811238629016
-0.5207249494456012,1.7007481794422499,0.08006003791029132
-0.5178917444077475,1.7117574028568956,0.07791189369186843
-0.5160353295157803,1.7234988458201925,0.07678001766829025
-0.5141619847489958,1.7356689523405773,0.07432014518952812
-0.5124212809433351,1.7480922588251386,0.07076057476267775
-0.5105591433080962,1.7604762297883387,0.06678617626786142
-0.5085915146317661,1.7725711504467985,0.06257779160315352
-0.5078005049830102,1.7800446466527744,0.06371497403557799
-0.5076276711115745,1.7862549769831366,0.0636940766429888
-0.507915130635471,1.7913937092581609,0.06243863884229143
-0.5085232833745182,1.7955336526718106,0.059998961107926574
-0.5091147353697939,1.7988298929637205,0.05637449281425594
-0.5096259722450577,1.80186867984036,0.05468114897943682
-0.5098788422031421,1.8044097932384588,0.05314224324635706
-0.5094943669066267,1.8068288232602563,0.05182987001140634
-0.5082808059957225,1.8090549833513037,0.05171308290637694
-0.5065319340971236,1.8113084932037755,0.05100034295242905
-0.5047884673170449,1.8140314181114519,0.05126634752533618
-0.5030360536394555,1.816628650885427,0.050633421969610876
-0.5015981021938141,1.819802120496018,0.049204035790794215
-0.5004564658469511,1.8230419397078792,0.047513262317071835
-0.49939430017912445,1.826529794703379,0.04571148237696746
-0.49829986843947355,1.8302170242417741,0.04370374703617693
-0.49740803897304575,1.8340233387407259,0.041747589403840706
-0.4968183976736471,1.8368068456813027,0.03867910266742345
-0.4966455746259481,1.8386431409508102,0.03437284948917843
-0.49697646177500127,1.8390613218990186,0.031193431790719366
-0.4970533206301042,1.8387435833725005,0.03151156071681284
-0.4971359524875232,1.837915479307323,0.03202305087898797
-0.4975457079292428,1.8367861070832925,0.03244917193954018
-0.49798220692905404,1.8356214675562321,0.03289625647472112
-0.49849564562851906,1.8344774200960121,0.03333658937477625
-0.49923001395098854,1.8332828608408989,0.03385538235766455
-0.5001592565905256,1.8321035198044122,0.03431542840597783
-0.5013801486594588,1.831055817858375,0.034447140546121885
-0.5027452055292635,1.8299726872061222,0.03499444814800424
-0.5040447974989128,1.8296657159900644,0.0355037537244722
-0.5049768483359293,1.8293427740678128,0.03587395992731984
-0.5057131712770363,1.8290386070471032,0.03648565806770566
-0.5057448919621897,1.8296222306678973,0.03661194362046295
-0.50510514274238,1.8306353624855567,0.036522619047237255
-0.5040620729877611,1.8320329089105545,0.036130258118421014
-0.5027575893162715,1.8337023795282799,0.035304557949536595
-0.5009035357684667,1.8353218840224885,0.03409950464494442
-0.4998948113102161,1.8386058109714616,0.037401063500410475
-0.4991482248674258,1.84205795683604,0.04137767955636642
-0.4984729960219229,1.8459295559787237,0.04423159323608185
-0.49842333029281466,1.849784792846179,0.04782559399360765
-0.49885808832311745,1.8538332514574374,0.052700190292709746
-0.4998773149601136,1.8578737213204044,0.05773120633116033
-0.5009023454690662,1.8624383822138,0.06309197348251386
-0.5014855543443913,1.8673451093336433,0.06804238542577018
-0.5012559710239392,1.8742438717458987,0.07133837403322706
-0.500501626246192,1.8827146344953176,0.0729151480263389
-0.49962418498881805,1.8923109360749972,0.07270258608823252
-0.49864588399892223,1.9027887444743825,0.07075428628207506
-0.4962319854722656,1.9131064965044782,0.07042960738760777
-0.4936551941946761,1.9236776554131532,0.07000661992647657
-0.49130904480374316,1.9344371025409395,0.06937070253802717
-0.48918164147393656,1.9454458356848656,0.06835133746569315
-0.48711786177772487,1.9567301233108187,0.06651162364013914
-0.48486790661955814,1.9671836241797602,0.06561969492395704
-0.4830370921186608,1.9774409017517616,0.06430110303367244
-0.4817644723622964,1.9862213958153032,0.061389879339061475
-0.481641698141323,1.9936837013401028,0.057407125938077716
-0.4826430873674926,1.999400500301257,0.05280376172059251
-0.4837029256063633,2.0027145180155124,0.05202146210498611
-0.484695856555563,2.0051355668046615,0.05110604869089515
-0.4850014538203352,2.007280698450596,0.05009831818661479
-0.48492291889723327,2.0090918628055747,0.04816438653091271
-0.48471363860892513,2.0109577303375104,0.04742667118862925
-0.48428251059000843,2.0126462805350718,0.04593516550028648
-0.4837455168880443,2.0144155073900145,0.045963909582530216
-0.4838138643507458,2.0166008881648936,0.043449492124177064
-0.4838132643732298,2.0193240849358816,0.04014998770865295
-0.4833478313867862,2.0233360221564802,0.04047004428675568
-0.482772307378623,2.0281283842733853,0.041576664321714384
-0.4826814091241872,2.032759690240045,0.04109079306409498
-0.48318655497269514,2.0366619197958316,0.039199744066404675
-0.48319749197569506,2.03965776988791,0.03824392846143372
-0.4829666103745145,2.0410896257009292,0.037397588180121365
-0.48284659878793473,2.041229258654427,0.03630768819203892
-0.48273212087951245,2.040025046065101,0.03439234725191992
-0.48271389736741965,2.038758859306675,0.034459312788460976
-0.48203360526769634,2.036466234666105,0.03353189423101883
-0.48148195781209335,2.0343444497610186,0.034419503322320195
-0.48065288733869055,2.0314723496707208,0.034070358705201365
-0.48053102388451296,2.0287237194863073,0.03415593662921887
-0.48064997973392676,2.025094074410067,0.03221098352066595
-0.4808617069608758,2.0231832303980686,0.03245137479696642
-0.4812247853298487,2.0215783107412,0.03241698947373268
-0.48167683771274494,2.0202005257657434,0.03274592740650607
-0.48239735143935325,2.0191017139902616,0.03366332005528243
-0.4833124985649514,2.0179587769650906,0.033204120585750466
-0.48416098572040583,2.016838755543602,0.03368455140448365
-0.48463501162543626,2.015969608314704,0.03285791669148247
-0.4846672882871881,2.0148298410977503,0.03284699856602956
-0.4843870387237949,2.0136514723180166,0.033124266573200695
-0.483841150336492,2.0124536454114037,0.03350225815214776
-0.48271319793400425,2.010869047123099,0.03236235684546322
-0.4820931976706549,2.0100110799317816,0.03308818476629266
-0.48164987681860477,2.0095810465672925,0.03376440340783822
-0.48112404420834587,2.0089611336678876,0.032782054341474236
-0.48081948913765127,2.0085389247887466,0.033469950453650144
-0.4803702474861361,2.007684326242845,0.032921874421201314
-0.4799494004949031,2.0074263971087927,0.03249768555218935
-0.4799174303825775,2.009804876421316,0.03627115745110581
-0.47993919602918356,2.0127125084919872,0.04025343001347843
-0.48014405464226745,2.01596158426261,0.043501698176232846
-0.4806004414501905,2.0194669836885257,0.046057449219821564
-0.48090971759712536,2.0229317069521833,0.05097727930858238
-0.4809931490345452,2.0266972748400396,0.05757019938854792
-0.48057046851023966,2.0310094206608165,0.06359982259228256
-0.4798185328561291,2.0365495327059064,0.06879775270076172
-0.4788993313474158,2.043555723592625,0.07292552950028866
-0.47804428031020074,2.0519293889341794,0.07576669379023454
-0.47740395380600115,2.061218391687084,0.07723171223435688
-0.47720842800092866,2.070699154804584,0.07730057449990435
-0.47740246999067715,2.079210880432695,0.07931818756276657
-0.4779253486782606,2.0868453055573974,0.08137735057797874
-0.4798687645313693,2.094731279391197,0.08590425197292098
-0.4822511703673903,2.1025497920400595,0.09017500694184984
-0.4847870888071602,2.111321534412209,0.09291200104437577
-0.48706343404029245,2.1207160470472344,0.09467038715253752
-0.4891420130500171,2.130431031695295,0.09517136592126339
-0.4909499259832293,2.1406193086433847,0.09436405485459694
-0.4933622779378263,2.1523363111872187,0.09256650650762711
-0.49333480301216187,2.163613866898366,0.09190734728984634
-0.4928806756832466,2.1754286477230673,0.08992046143183045
-0.4926534084711224,2.1882401900017086,0.08664335989803255
-0.4923838860126393,2.2011927151096664,0.08211475193280206
-0.4921842411738165,2.214107057700881,0.07633391811640278
-0.4921236654154923,2.226816916459772,0.06931078882700231
-0.4921192684058253,2.2377048174863075,0.0604820023793746
-0.49285788058859265,2.2439905148090027,0.06024060535989178
-0.4938936632556803,2.248820368997868,0.05967440184016086
-0.4951841460939922,2.2525801621864523,0.05795008445816996
-0.4967506339947289,2.256128276264598,0.05600100944784256
-0.4975989147527613,2.2591960257376025,0.052409203991581235
-0.4981905007946839,2.2620280612934778,0.05062653295116799
-0.4979361642492843,2.2643873776768135,0.048022656978094935
-0.4970260479308127,2.2664191283444057,0.04457061312881925
-0.49574760529022277,2.2685712866611425,0.044971657780429844
-0.4942878659200819,2.2709693538354108,0.04464702666626197
-0.49294033008200655,2.2732280544937713,0.04240092375944877
-0.4920622838774092,2.2762082499881644,0.03989373700329425
-0.49175475539967006,2.2795995471333415,0.03704568446570018
-0.49164337138443726,2.28308200332427,0.03542989640911691
-0.4917007641636017,2.2869942331652218,0.03298227654603337
-0.4916857485979235,2.2901199662446325,0.03254182734260754
-0.49126405875113194,2.291694389663453,0.03336971280662999
-0.4909351984197782,2.292445106657216,0.032953852733004434
-0.4909840585553559,2.292334654137982,0.031176838489986647
-0.49111407747799524,2.2915719070793292,0.0314849252164357
-0.4912210890577877,2.290212172355867,0.03184574422759614
-0.4913959109261149,2.2883480576525836,0.03220447497419392
-0.49147986587824893,2.286141099441775,0.032594845314019794
-0.4916049560040944,2.2837050272230375,0.033086337874656126
-0.4917233370154474,2.2809846190430703,0.0338222169806699
-0.492087474446208,2.27835542494931,0.03455923009814037
-0.49279846472605393,2.27525651777125,0.03404290131525568
-0.49323634250584725,2.2712448294712617,0.033892249133938096
-0.493551017222908,2.2689759989470817,0.03515187237799887
-0.49376253749154836,2.2666405765752247,0.03621745916321367
-0.4941647290500132,2.264721532278424,0.037354459351821606
-0.49433055505249335,2.264209510479885,0.0379258152470089
-0.4942024106020265,2.2645151880697925,0.0380692771751108
-0.4937757582658756,2.2653282291091505,0.03767479723502499
-0.4931256837473534,2.2664328882249847,0.036685640098497896
-0.49230489867465477,2.2677320708562347,0.03508816819508734
-0.49102251638769806,2.2690460404782224,0.032996418088119484
-0.49079693791363627,2.2719655034157564,0.03600850875061006
-0.49070202282678604,2.2750302170505288,0.03994254893228841
-0.49058875089863113,2.278425069064455,0.043700731852167114
-0.4906719302420338,2.2823455889673374,0.04837591205970035
-0.49094243397361653,2.2861745091746313,0.05421087039396817
-0.49128125797960154,2.289941899017782,0.05871759510295503
-0.49139860957154896,2.294395781822319,0.06321929273815782
-0.4911198720353229,2.3007961011019105,0.06580198336219004
-0.4906393977818824,2.3087603026714256,0.06637200388212441
-0.4902555315273828,2.31783727452204,0.06482637710780964
-0.48830096793717215,2.326199103516429,0.06522112588640303
-0.48598405176592224,2.3354399825292966,0.06518219526837282
-0.4836819638340638,2.344988395816967,0.06467600167694315
-0.481248820527769,2.355038836121717,0.06369429262786801
-0.47850133152641006,2.3648251130895095,0.06372264449939169
-0.47586700695398454,2.374783899039149,0.06332799581058361
-0.47314931048082454,2.384197858744433,0.0628779709504171
-0.4708986809422602,2.393457015417329,0.06146513457144666
-0.46972219118327296,2.4010543846280172,0.0592898904021451
-0.46955043125443224,2.4073733302246256,0.05585107298082352
-0.47033304548321864,2.4117328076778928,0.053834777548984636
-0.47160138200883445,2.4151612711745174,0.05150882855142213
-0.47312182881637216,2.417626744564597,0.04803109328206638
-0.474026675728419,2.4198549318736893,0.04739178983737489
-0.47427041327185204,2.4219424223858055,0.04710906508014099
-0.47428212280672355,2.4238783671230664,0.0469935789497806
-0.47409829580321217,2.4256072373511577,0.04613318440500057
-0.47422244468288893,2.427817689657716,0.045509047093505936
-0.4741916515201445,2.430417500239802,0.0435398968104672
-0.4745604366087049,2.4335165225610664,0.04103572632468516
-0.47465074276592134,2.4376013389848974,0.041872123675153354
-0.4750713362495628,2.4423110556517242,0.04172817996309906
-0.47597968741042695,2.4468625943412814,0.03996644375213429
-0.4762599795810766,2.450777012308673,0.04034946174567684
-0.4769256720260221,2.4536681395740034,0.038786429767682436
-0.4774530587378579,2.4547888096711277,0.03631366637364444
-0.47746657242320534,2.4550930521014958,0.03522497099453932
-0.47750088135166496,2.4543285712494476,0.03389951081808126
-0.477326396192757,2.4522540787899865,0.03162125797158283
-0.47682556379680113,2.450281307023982,0.03272639018579106
-0.4760030783707978,2.447625099067189,0.03384612612486312
-0.4748895717875128,2.4442058016277994,0.03390884728181879
-0.47383325475368343,2.440221178753952,0.03257387692688413
-0.4731234129763874,2.437022093200216,0.0325441795017169
-0.47338751137966717,2.433989657896964,0.03332708704757747
-0.4742366631511198,2.4302156710288796,0.03246250022344305
-0.47496036173198325,2.4278889800059735,0.03286937344150244
-0.47590745077744734,2.425943489402866,0.03336081683723603
-0.4772327383919307,2.423760019935816,0.032644296984683366
-0.4783036974629269,2.4222833097042025,0.03323419217992776
-0.47884655608101184,2.421096118263458,0.0332496209187559
-0.4787820777605227,2.419944278849859,0.03323212170794117
-0.47830671653371776,2.418839101338255,0.033414565395226865
-0.4777985737030228,2.4177852163332374,0.03384689099642707
-0.4769251204153843,2.4168955808135983,0.032483100230124615
-0.4764967081121081,2.416377125805256,0.032997172040647775
-0.47634140781244744,2.4160075182151814,0.03353193919998884
-0.4762489493716522,2.415270698056755,0.032609469786810126
-0.4764028444974857,2.415017173334803,0.03317472059479993
-0.4764783413907546,2.414262327595154,0.03240288267922724
-0.47678276187216034,2.4139503686268964,0.03262857535980852
-0.47726855114470984,2.4159735350883653,0.03529343944583172
-0.47801167892271385,2.4185489712550625,0.038303891535076115
-0.4789858584945712,2.4214736534273915,0.041322801349727226
-0.4801131119680843,2.424728128164431,0.04357570050475058
-0.4814129292476288,2.4282420553506423,0.0451420702284874
-0.4824190900426014,2.43216212162428,0.046086267647316354
-0.4829451247973393,2.4360080112370404,0.048315223787865166
-0.4831257224169191,2.4406917874057354,0.05078241008177696
-0.48313096548052414,2.446706867451677,0.05348377987071439
-0.4833538253614389,2.453923864481797,0.05514325958152372
-0.48383454331322057,2.462329214591931,0.05926314282250772
-0.48493354257902466,2.4711343174150504,0.06302037685177957
-0.4868730813533686,2.4799721392996825,0.06666391695403415
-0.4894771574206886,2.488418561980357,0.06892570438991835
-0.49255585871905555,2.4964749449188766,0.06973187970293146
-0.49421769197510235,2.5043836848495,0.07285339619576446
-0.49557575932840825,2.513279306658705,0.07538749321735949
-0.49691426368422953,2.5228773663296997,0.07683321931975312
-0.4988258345300472,2.533852798267733,0.07737423053363987
-0.5005354661870519,2.5454584161342777,0.0763081494428249
-0.5005533053048674,2.5568099998243627,0.0753048406836305
-0.5015394313952152,2.568393076675411,0.07548500741504612
-0.5019607464925444,2.580221948517464,0.07541835349065293
-0.5024611936822341,2.5924826358778774,0.0742777275901442
-0.5031110445974554,2.604974950377508,0.07214517306386486
-0.503972329900664,2.617451940281961,0.06948283881275576
-0.5047978130708538,2.629694438608663,0.06658029904886363
-0.5057752924968157,2.6404407465118336,0.06179959384428224
-0.5071078612340053,2.646969973942536,0.06224606240522956
-0.5087477311163809,2.652180546496633,0.06184059050856487
-0.5104656803246242,2.6563194410404307,0.06076868093948877
-0.5121050230119552,2.6597199070434585,0.05958516414145355
-0.5133566132348185,2.6626920226305852,0.058308214973727485
-0.5142344613333539,2.6652118032766965,0.05712562375335668
-0.5144991559702657,2.667589746355382,0.05631542155837256
-0.5143764802930266,2.669911928051383,0.05582429898626354
-0.5140031109274121,2.6726126985400684,0.0552362031493505
-0.5135730170681051,2.6757051421113855,0.055393595423044215
-0.5131117755218535,2.6789251473190636,0.05560327473508491
-0.5131312484029368,2.6825161278830123,0.0542592478207373
-0.5136737565881722,2.6867875342400422,0.05323762470482481
-0.5143948614323524,2.690947296378165,0.052566735739072716
-0.5153540194145239,2.6952492870759066,0.051401429297166554
-0.5161427092066451,2.6992712175699904,0.05000311289967445
-0.516484707866249,2.70261927565347,0.04779955582548982
-0.516601890546035,2.7053069157357053,0.0446516465111758
-0.5172332645502431,2.7065460660849245,0.04157017467528888
-0.5182126741689841,2.706936827610113,0.037450037857569105
-0.5191253429791437,2.706543446434701,0.03273469990917065
-0.5192979803506946,2.706243292598128,0.03256267662374847
-0.5194010332771978,2.705321317284619,0.0328039026103975
-0.51947224419464,2.7040147139027737,0.03307575812010311
-0.5195675102146124,2.7024400039292,0.03329208060731634
-0.5198055533813457,2.7008665924687247,0.03360061669262115
-0.5200188035156508,2.6994075609750916,0.033943037390134656
-0.5197913601881334,2.697308995099236,0.0350401050020035
-0.5194082938101373,2.6957742631045205,0.03623657792256238
-0.5187537846946618,2.6951308367633455,0.037356410167935214
-0.5177180853196653,2.6955226646801256,0.03811870930092656
-0.5165974575282193,2.696935842447043,0.0381043064890908
-0.5149653098597491,2.698801409829021,0.03761910828661137
-0.5129630284789445,2.701265867865541,0.03658494538169906
-0.510632914494756,2.704301760431713,0.03486808952073039
-0.5077652549865047,2.7072800576341303,0.03280443842302819
-0.5068696489269051,2.710913108167993,0.036552306930317684
-0.5064702336803294,2.714813775405071,0.040681335639113914
-0.5061042302129691,2.718951179391575,0.04477548096069911
-0.5062121327636384,2.723997956658084,0.0495028942934035
-0.5068133606065996,2.729107534291099,0.05401696649599739
-0.507576687924975,2.733896771261093,0.057665270447197714
-0.5088937683338728,2.739679728686364,0.06215149774688625
-0.5103798258157799,2.7457395299945793,0.0659080973709516
-0.5121676555766073,2.7534214259862466,0.06745869562981503
-0.5142546274059585,2.7622549669410073,0.0669221285913188
-0.5148530084852087,2.7716619651712713,0.06878016103122495
-0.515038330460647,2.7811925584494905,0.07025041193043688
-0.5149134838190905,2.791050209747689,0.07061333627288363
-0.5146654536004809,2.8010325822790736,0.07023337895866125
-0.5142462281651806,2.8114755471490613,0.06888072100678876
-0.513960209613218,2.822110040788195,0.06703137395874936
-0.513166124349813,2.8320641985893835,0.06671986341909593
-0.5126527387900608,2.8418037346876575,0.06556141791741653
-0.5125660171141243,2.851377262008691,0.06340903659323077
-0.5129391979571343,2.8589469196475497,0.06109052484099095
-0.5142932041978037,2.865142849457246,0.05794106677072258
-0.5161224215376217,2.8697678875153136,0.05559764170877718
-0.518143330402898,2.87257342289912,0.05472403052586862
-0.5199334321239023,2.8744947158364735,0.053751950541536295
-0.5211348464168443,2.8762238355620773,0.051910250902846004
-0.5212610633177713,2.877875037325948,0.049074031111119215
-0.521418396721108,2.8797095792926037,0.049347825187126854
-0.5214125249540572,2.8814135513707706,0.049826867678420456
-0.5212202308471449,2.882985259378292,0.049558229653081716
-0.5217425391889202,2.885137462359497,0.048976449106897336
-0.5225591612829751,2.8871217600365404,0.04702142132261266
-0.5238467916667856,2.88929252632136,0.044197812239258547
-0.5249667726353492,2.892588666716822,0.04525393012236422
-0.5264658305689925,2.8952757042751984,0.04467051581006926
-0.528292848836019,2.8973276725466213,0.042633956780271
-0.5299191220300918,2.89885105982209,0.03930231927295921
-0.5306130929649264,2.8996242495123954,0.03760684532207689
-0.5308317559457483,2.8988119881348355,0.03491609967241935
-0.5306857420042597,2.8966743084160425,0.031515844177248085
-0.5303847909759765,2.8951110596782943,0.03233644792311526
-0.5293718440365767,2.892941384149102,0.03320246202875001
-0.5277230307365948,2.890074295423391,0.03293370991708065
-0.5256723093055773,2.886654572115883,0.03144921196042105
-0.5246313710417325,2.8843540030138497,0.033044381316542006
-0.5240097775805179,2.8814917666344515,0.0333729722946216
-0.5238437826723866,2.8785817116324903,0.03214255076459342
-0.5238771220756878,2.8768029918046296,0.03225535167254744
-0.5242542922741363,2.8749516799499393,0.033164201648247016
-0.5248542916929052,2.873289126678667,0.034010039081674964
-0.5258715111578379,2.871392469084356,0.03367983026841338
-0.5271571518287297,2.8693813354764033,0.03254808235728005
-0.5276950386279395,2.8683222606616794,0.03281414877386141
-0.5276847018186814,2.867610969593279,0.03317696048287155
-0.5274364105726876,2.867276743608122,0.03354825576027999
-0.5267839978340189,2.8670405172295803,0.03229559627523558
-0.5263425751048905,2.867165841260675,0.03303677578479987
-0.5257737881885053,2.8673458220781125,0.03384231966184397
-0.5251452972729026,2.866887415184499,0.03379244389948233
-0.5243949725978473,2.865732357228755,0.032971599073927646
-0.5234913779067606,2.864084487602506,0.031383753339595095
-0.5236674886217423,2.8652693075868707,0.03259279867245597
-0.5237742428086575,2.867290926517361,0.03467067491035597
-0.5243980684180195,2.870067086470947,0.036710620360200646
-0.5253961464318138,2.873428834212856,0.038698875183529304
-0.5262380846416073,2.8774982115087595,0.04145820576224112
-0.5271280529023747,2.882069000716032,0.04424667660154037
-0.5282314672368188,2.887102816663071,0.04614096728148771
-0.5292824141699978,2.8926025501448773,0.04830226557414425
-0.5306311556898379,2.8991134207750884,0.0506258269563264
-0.5319828047376116,2.9071416913283157,0.05292454141801808
-0.5334220702755823,2.9164623750254246,0.05395064502396822
-0.5348883672507648,2.926663484073803,0.05486439926298548
-0.5366304160593341,2.9372640468282176,0.05447264938985368
-0.5377804891508962,2.947362018424426,0.054196768972165715
-0.5396757720095182,2.956795586556032,0.055605961762634555
-0.5419711191473752,2.965399871494264,0.05682391551630839
-0.5448447101722331,2.9718493879493373,0.059904242497134524
-0.5477600169902299,2.9777316329158516,0.06290069824439332
-0.5509658087025704,2.9841782728194044,0.0645178854863482
-0.5539367483981968,2.990869538923436,0.06527326874587783
-0.5557305180349307,2.9978192182890573,0.06561378088106959
-0.5579316551180536,3.0050148320690466,0.0663950445420692
-0.5598971568670879,3.0128890188065722,0.06626975325360458
-0.5616144546850432,3.0214335247727138,0.06537016484350339
-0.5639644408323667,3.0307510772898043,0.06513717726255322
-0.5664958203604509,3.040863673428249,0.06393312241096363
-0.5682411023198094,3.0511978544410283,0.06289224647794128
-0.5700542921234075,3.0616313413145417,0.06174632673248543
-0.5720204157938622,3.0718894046873264,0.06048410218644963
-0.5739476267025555,3.080831670215511,0.05743701400618452
-0.5758841664824821,3.088220077793229,0.053665366471173225
-0.5777167073913028,3.092415703618685,0.05383191034464073
-0.5794329032172371,3.095442551544279,0.053845224063072655
-0.5809182309385444,3.0975334208639578,0.053973025124681634
-0.5824207060075415,3.099699331804922,0.0538565123088882
-0.5835393687158751,3.1014967314474586,0.05424692542355888
-0.5840809576886207,3.103319419054356,0.05511262689902795
-0.5841275498187526,3.105254269180241,0.05431905367227593
-0.5842624673924206,3.1075877046374436,0.05599901070171188
-0.5843083036507674,3.1100429683825452,0.058187884063947225
-0.5844741993328537,3.112697999601275,0.060176964621755334
-0.585041535521038,3.1156370992043327,0.06139655888016273
-0.5866171728768729,3.1188514949255306,0.061504705209015076
-0.5886477624040302,3.1217740062237262,0.060811828052684466
-0.5908012368706691,3.1239230025334512,0.05938171843367805
-0.5922845419467153,3.125299189993759,0.05769726587779325
-0.5928741739251712,3.12652066649362,0.055392601527827115
-0.5936355859219926,3.126752688487244,0.05286011220323125
-0.5942475089574981,3.126571866380269,0.04955597023313418
-0.5947626553101344,3.125929064061822,0.045452047382100236
-0.5953534376666916,3.1246804576218468,0.04041892583094003
-0.5960323748254712,3.12435542941663,0.03961754014060048
-0.5966177198152744,3.123772899366332,0.03957097140930061
-0.5971014490821084,3.123071344659562,0.03973605815594042
-0.597526092518571,3.122350771055025,0.03988827313359461
-0.5981585253395045,3.121464598335793,0.039603742649422916
-0.598942259648361,3.120536402646285,0.038914390611773694
-0.5992233591455778,3.119659550744358,0.03887607900983671
-0.5994112054505111,3.1196685057490745,0.03862616956020143
-0.5995585764944518,3.1203913871940556,0.037785267849346466
-0.5990777996297676,3.121080173414364,0.03667544451103008
-0.5983452076388867,3.1224219498716175,0.03534886420798677
-0.597439082973089,3.124131522949929,0.033544738328676126
-0.5966233760007289,3.125408932621059,0.03477395364596092
-0.5958349701754928,3.127369539627279,0.03535722745876432
-0.5951737582007459,3.1297656852051765,0.03520247287656201
-0.5945697236104769,3.1323805138222394,0.03429248769240844
-0.5937847855210516,3.135117606465839,0.03267952300440906
-0.5946782148652218,3.138319359486371,0.03678422508985836
-0.5957283732586381,3.141641438606591,0.04171689630462968
-0.5973553584607092,3.1447338525596455,0.0463562689514818
-0.5995343827375195,3.147277047039231,0.04950061713060804
-0.6019372719675951,3.1500647629299228,0.05455626847943953
-0.6044400257804282,3.1524523473731065,0.05865004911823331
-0.6071355671762341,3.1567938214725366,0.06206594465153391
-0.6099557414704933,3.1626014905702706,0.06448002358443795
-0.6131987715878873,3.169765410967174,0.0663382148462181
-0.6165059922483256,3.1782152889508697,0.06684366460619771
-0.6195761786526484,3.1881528814957045,0.06573113864025534
-0.6208423541638038,3.1982846755568435,0.06731655519476482
-0.6219728576684698,3.2094340177649183,0.06846549168736252
-0.6232882755423668,3.2211211975952763,0.06931330841602346
-0.6249492527646637,3.2332385362477347,0.06971685337486595
-0.6270334805534968,3.2452584317589257,0.06914655961304707
-0.6296676583644456,3.2570616000554304,0.06766813616506057
-0.6316488658253466,3.2667215294804337,0.06576995841995564
